parent_product_id,parent_nama_produk,parent_url_produk,scope,media_index,media_type,image_url,thumbnail_url,video_url,variant_product_id,variant_values,local_path,download_status,download_error
103726663896,Kicau Mania Kunci Gantung Kucing Lucu dengan Desain Kreatif dan Warna Cerah untuk Penggemar Kucing dan Aksesori Unik,https://www.tokopedia.com/niuvastudio/kicau-mania-kunci-gantung-kucing-lucu-dengan-desain-kreatif-dan-warna-cerah-untuk-penggemar-kucing-dan-aksesori-unik-1737002078292313866,product_gallery,1,image,https://p16-images-sign-sg.tokopedia-static.net/tos-alisg-i-aphluv4xwc-sg/73ea006d34cf4944bcbf7040035b2ab1~tplv-aphluv4xwc-resize-jpeg:700:0.jpeg?lk3s=0ccea506&x-expires=1789646002&x-signature=4UISL%2FYJboBGuHt6v1SbO9Ryzwk%3D&x-signature-webp=Jo2zBlT%2BgGlMuyjqqgYIkNt3UyA%3D,https://p16-images-sign-sg.tokopedia-static.net/tos-alisg-i-aphluv4xwc-sg/73ea006d34cf4944bcbf7040035b2ab1~tplv-aphluv4xwc-resize-jpeg:200:0.jpeg?lk3s=0ccea506&x-expires=1789646002&x-signature=m7a7cv1obktU0FMXzYM2RWcgNHM%3D&x-signature-webp=EQS%2FTjEAn7bhjvsC5N3%2B7X7%2FO2U%3D,,,,Niuva_Product_Images\103726663896\gallery_001.jpg,OK,
103726663896,Kicau Mania Kunci Gantung Kucing Lucu dengan Desain Kreatif dan Warna Cerah untuk Penggemar Kucing dan Aksesori Unik,https://www.tokopedia.com/niuvastudio/kicau-mania-kunci-gantung-kucing-lucu-dengan-desain-kreatif-dan-warna-cerah-untuk-penggemar-kucing-dan-aksesori-unik-1737002078292313866,product_gallery,2,image,https://p16-images-sign-sg.tokopedia-static.net/tos-alisg-i-aphluv4xwc-sg/eb84e3e85b4f43c5b279ae90d270f4c0~tplv-aphluv4xwc-resize-jpeg:700:0.jpeg?lk3s=0ccea506&x-expires=1789646002&x-signature=XsGpxpSDGKqY5l2EYJZ7b2Qgeik%3D&x-signature-webp=usEfoIBSW4MdqQdPseXbIMLLmow%3D,https://p16-images-sign-sg.tokopedia-static.net/tos-alisg-i-aphluv4xwc-sg/eb84e3e85b4f43c5b279ae90d270f4c0~tplv-aphluv4xwc-resize-jpeg:200:0.jpeg?lk3s=0ccea506&x-expires=1789646002&x-signature=bqi%2Fu2XSI5cHBN7OfuyuCxaY9cU%3D&x-signature-webp=Wj9E%2Ba62bUoPSzNI7YCuseVhR%2F4%3D,,,,Niuva_Product_Images\103726663896\gallery_002.jpg,OK,
103726333343,Wisuda Custom 3D Print - Patung Graduasi 3D Personalisasi untuk Souvenir Khusus,https://www.tokopedia.com/niuvastudio/wisuda-custom-3d-print-patung-graduasi-3d-personalisasi-untuk-souvenir-khusus-1737001056781305610-1737001528663770890,product_gallery,1,image,https://p16-images-sign-sg.tokopedia-static.net/tos-alisg-i-aphluv4xwc-sg/70f78c7827e64a44ae2300b7a55eb96f~tplv-aphluv4xwc-resize-jpeg:700:0.jpeg?lk3s=0ccea506&x-expires=1789646008&x-signature=lVd4XUDpWS9eRMEqkfo%2BqooJq74%3D&x-signature-webp=pp2yEsiGGIIvLKueQb1pY214YQU%3D,https://p16-images-sign-sg.tokopedia-static.net/tos-alisg-i-aphluv4xwc-sg/70f78c7827e64a44ae2300b7a55eb96f~tplv-aphluv4xwc-resize-jpeg:200:0.jpeg?lk3s=0ccea506&x-expires=1789646008&x-signature=kGIAaxLzaet%2BI6Vq8dHkx%2BKXUQI%3D&x-signature-webp=jx2BPxqF9NMD0EArbf93wpgSR5s%3D,,,,Niuva_Product_Images\103726333343\gallery_001.jpg,OK,
103726333343,Wisuda Custom 3D Print - Patung Graduasi 3D Personalisasi untuk Souvenir Khusus,https://www.tokopedia.com/niuvastudio/wisuda-custom-3d-print-patung-graduasi-3d-personalisasi-untuk-souvenir-khusus-1737001056781305610-1737001528663770890,product_gallery,2,image,https://p16-images-sign-sg.tokopedia-static.net/tos-alisg-i-aphluv4xwc-sg/2895518b3f3e437a99eb47ebe8d12387~tplv-aphluv4xwc-resize-jpeg:700:0.jpeg?lk3s=0ccea506&x-expires=1789646008&x-signature=KdpLa3GULJtv9AjRZatL6whc7ZI%3D&x-signature-webp=URFFCPLSgZ8vTlDuGkIqMN7ETHE%3D,https://p16-images-sign-sg.tokopedia-static.net/tos-alisg-i-aphluv4xwc-sg/2895518b3f3e437a99eb47ebe8d12387~tplv-aphluv4xwc-resize-jpeg:200:0.jpeg?lk3s=0ccea506&x-expires=1789646008&x-signature=th0f24u8dpPlQtq9aub2fUaUCnI%3D&x-signature-webp=3fDAWw5GV3zePzpvFYN0%2FZSLB0c%3D,,,,Niuva_Product_Images\103726333343\gallery_002.jpg,OK,
103726333343,Wisuda Custom 3D Print - Patung Graduasi 3D Personalisasi untuk Souvenir Khusus,https://www.tokopedia.com/niuvastudio/wisuda-custom-3d-print-patung-graduasi-3d-personalisasi-untuk-souvenir-khusus-1737001056781305610-1737001528663770890,product_gallery,3,image,https://p16-images-sign-sg.tokopedia-static.net/tos-alisg-i-aphluv4xwc-sg/98abfe8b86c04aa391091e8549c9bd7a~tplv-aphluv4xwc-resize-jpeg:700:0.jpeg?lk3s=0ccea506&x-expires=1789646008&x-signature=qMIMIQ%2Bo9Mgb3pJUpi5eIuskNms%3D&x-signature-webp=6nXxcwwjugD6xF1kR0NQuopW1Ls%3D,https://p16-images-sign-sg.tokopedia-static.net/tos-alisg-i-aphluv4xwc-sg/98abfe8b86c04aa391091e8549c9bd7a~tplv-aphluv4xwc-resize-jpeg:200:0.jpeg?lk3s=0ccea506&x-expires=1789646008&x-signature=EKOblb00oe6%2Fr0rSHq11FLYHPJc%3D&x-signature-webp=avG6MWUQQ02CUIhy%2B7NfYpavav8%3D,,,,Niuva_Product_Images\103726333343\gallery_003.jpg,OK,
103726333343,Wisuda Custom 3D Print - Patung Graduasi 3D Personalisasi untuk Souvenir Khusus,https://www.tokopedia.com/niuvastudio/wisuda-custom-3d-print-patung-graduasi-3d-personalisasi-untuk-souvenir-khusus-1737001056781305610-1737001528663770890,product_gallery,4,image,https://p16-images-sign-sg.tokopedia-static.net/tos-alisg-i-aphluv4xwc-sg/953f4730e0cd4002af1024c33147fa80~tplv-aphluv4xwc-resize-jpeg:700:0.jpeg?lk3s=0ccea506&x-expires=1789646008&x-signature=TN%2BmsynoafUSezIdHeIhIui9cX4%3D&x-signature-webp=FXNOEUSt7bnwZgoN%2B3Upw5j%2BeWM%3D,https://p16-images-sign-sg.tokopedia-static.net/tos-alisg-i-aphluv4xwc-sg/953f4730e0cd4002af1024c33147fa80~tplv-aphluv4xwc-resize-jpeg:200:0.jpeg?lk3s=0ccea506&x-expires=1789646008&x-signature=%2F0j3EOlXSjzsCoGAp8MvmNEPzuE%3D&x-signature-webp=WRk9vf6StT2%2BcGF%2F32zacMKJpoc%3D,,,,Niuva_Product_Images\103726333343\gallery_004.jpg,OK,
103726333343,Wisuda Custom 3D Print - Patung Graduasi 3D Personalisasi untuk Souvenir Khusus,https://www.tokopedia.com/niuvastudio/wisuda-custom-3d-print-patung-graduasi-3d-personalisasi-untuk-souvenir-khusus-1737001056781305610-1737001528663770890,product_gallery,5,image,https://p16-images-sign-sg.tokopedia-static.net/tos-alisg-i-aphluv4xwc-sg/8ecde87b876e4e9aa40a5bff368747ae~tplv-aphluv4xwc-resize-jpeg:700:0.jpeg?lk3s=0ccea506&x-expires=1789646008&x-signature=pCHyfVTtO2d%2FYQejpL4P3G4QSe0%3D&x-signature-webp=7gu5N1oS%2FBIoRszbJ%2B3OyeRzuD8%3D,https://p16-images-sign-sg.tokopedia-static.net/tos-alisg-i-aphluv4xwc-sg/8ecde87b876e4e9aa40a5bff368747ae~tplv-aphluv4xwc-resize-jpeg:200:0.jpeg?lk3s=0ccea506&x-expires=1789646008&x-signature=UulMm5ru4LkqauBflZdHCM686gQ%3D&x-signature-webp=%2B5vQRpKQ02y7jN5ilntNgT8igK4%3D,,,,Niuva_Product_Images\103726333343\gallery_005.jpg,OK,
103726333343,Wisuda Custom 3D Print - Patung Graduasi 3D Personalisasi untuk Souvenir Khusus,https://www.tokopedia.com/niuvastudio/wisuda-custom-3d-print-patung-graduasi-3d-personalisasi-untuk-souvenir-khusus-1737001056781305610-1737001528663770890,variant,1,image,https://images.tokopedia.net/img/cache/700/aphluv/1997/1/1/70f78c7827e64a44ae2300b7a55eb96f~.jpeg.webp,,,103726333343,Figur Custom Face / 15 cm,Niuva_Product_Images\103726333343\variant_103726333343.jpg,OK,
103726333343,Wisuda Custom 3D Print - Patung Graduasi 3D Personalisasi untuk Souvenir Khusus,https://www.tokopedia.com/niuvastudio/wisuda-custom-3d-print-patung-graduasi-3d-personalisasi-untuk-souvenir-khusus-1737001056781305610-1737001528663770890,variant,2,image,https://images.tokopedia.net/img/cache/700/aphluv/1997/1/1/70f78c7827e64a44ae2300b7a55eb96f~.jpeg.webp,,,103726333344,Figur Custom Face / 12 cm,Niuva_Product_Images\103726333343\variant_103726333343.jpg,REUSED,
103726333343,Wisuda Custom 3D Print - Patung Graduasi 3D Personalisasi untuk Souvenir Khusus,https://www.tokopedia.com/niuvastudio/wisuda-custom-3d-print-patung-graduasi-3d-personalisasi-untuk-souvenir-khusus-1737001056781305610-1737001528663770890,variant,3,image,https://images.tokopedia.net/img/cache/700/aphluv/1997/1/1/70f78c7827e64a44ae2300b7a55eb96f~.jpeg.webp,,,103726333345,Figur Painted / 15 cm,Niuva_Product_Images\103726333343\variant_103726333343.jpg,REUSED,
103726333343,Wisuda Custom 3D Print - Patung Graduasi 3D Personalisasi untuk Souvenir Khusus,https://www.tokopedia.com/niuvastudio/wisuda-custom-3d-print-patung-graduasi-3d-personalisasi-untuk-souvenir-khusus-1737001056781305610-1737001528663770890,variant,4,image,https://images.tokopedia.net/img/cache/700/aphluv/1997/1/1/70f78c7827e64a44ae2300b7a55eb96f~.jpeg.webp,,,103726333346,Figur Painted / 12 cm,Niuva_Product_Images\103726333343\variant_103726333343.jpg,REUSED,
103726333343,Wisuda Custom 3D Print - Patung Graduasi 3D Personalisasi untuk Souvenir Khusus,https://www.tokopedia.com/niuvastudio/wisuda-custom-3d-print-patung-graduasi-3d-personalisasi-untuk-souvenir-khusus-1737001056781305610-1737001528663770890,variant,5,image,https://images.tokopedia.net/img/cache/700/aphluv/1997/1/1/70f78c7827e64a44ae2300b7a55eb96f~.jpeg.webp,,,103726333347,Figur Single Color / 15 cm,Niuva_Product_Images\103726333343\variant_103726333343.jpg,REUSED,
103726333343,Wisuda Custom 3D Print - Patung Graduasi 3D Personalisasi untuk Souvenir Khusus,https://www.tokopedia.com/niuvastudio/wisuda-custom-3d-print-patung-graduasi-3d-personalisasi-untuk-souvenir-khusus-1737001056781305610-1737001528663770890,variant,6,image,https://images.tokopedia.net/img/cache/700/aphluv/1997/1/1/70f78c7827e64a44ae2300b7a55eb96f~.jpeg.webp,,,103726333348,Figur Single Color / 12 cm,Niuva_Product_Images\103726333343\variant_103726333343.jpg,REUSED,
103726333343,Wisuda Custom 3D Print - Patung Graduasi 3D Personalisasi untuk Souvenir Khusus,https://www.tokopedia.com/niuvastudio/wisuda-custom-3d-print-patung-graduasi-3d-personalisasi-untuk-souvenir-khusus-1737001056781305610-1737001528663770890,variant,7,image,https://images.tokopedia.net/img/cache/700/aphluv/1997/1/1/70f78c7827e64a44ae2300b7a55eb96f~.jpeg.webp,,,103726333349,Lego Painted / 12 cm,Niuva_Product_Images\103726333343\variant_103726333343.jpg,REUSED,
103726333343,Wisuda Custom 3D Print - Patung Graduasi 3D Personalisasi untuk Souvenir Khusus,https://www.tokopedia.com/niuvastudio/wisuda-custom-3d-print-patung-graduasi-3d-personalisasi-untuk-souvenir-khusus-1737001056781305610-1737001528663770890,variant,8,image,https://images.tokopedia.net/img/cache/700/aphluv/1997/1/1/70f78c7827e64a44ae2300b7a55eb96f~.jpeg.webp,,,103726333350,Lego Painted / 8 cm,Niuva_Product_Images\103726333343\variant_103726333343.jpg,REUSED,
103726333343,Wisuda Custom 3D Print - Patung Graduasi 3D Personalisasi untuk Souvenir Khusus,https://www.tokopedia.com/niuvastudio/wisuda-custom-3d-print-patung-graduasi-3d-personalisasi-untuk-souvenir-khusus-1737001056781305610-1737001528663770890,variant,9,image,https://images.tokopedia.net/img/cache/700/aphluv/1997/1/1/70f78c7827e64a44ae2300b7a55eb96f~.jpeg.webp,,,103726333351,Lego Multicolor / 12 cm,Niuva_Product_Images\103726333343\variant_103726333343.jpg,REUSED,
103726333343,Wisuda Custom 3D Print - Patung Graduasi 3D Personalisasi untuk Souvenir Khusus,https://www.tokopedia.com/niuvastudio/wisuda-custom-3d-print-patung-graduasi-3d-personalisasi-untuk-souvenir-khusus-1737001056781305610-1737001528663770890,variant,10,image,https://images.tokopedia.net/img/cache/700/aphluv/1997/1/1/70f78c7827e64a44ae2300b7a55eb96f~.jpeg.webp,,,103726333352,Lego Multicolor / 8 cm,Niuva_Product_Images\103726333343\variant_103726333343.jpg,REUSED,
103726333343,Wisuda Custom 3D Print - Patung Graduasi 3D Personalisasi untuk Souvenir Khusus,https://www.tokopedia.com/niuvastudio/wisuda-custom-3d-print-patung-graduasi-3d-personalisasi-untuk-souvenir-khusus-1737001056781305610-1737001528663770890,variant,11,image,https://images.tokopedia.net/img/cache/700/aphluv/1997/1/1/70f78c7827e64a44ae2300b7a55eb96f~.jpeg.webp,,,103726333353,Lego Single Color / 12 cm,Niuva_Product_Images\103726333343\variant_103726333343.jpg,REUSED,
103726333343,Wisuda Custom 3D Print - Patung Graduasi 3D Personalisasi untuk Souvenir Khusus,https://www.tokopedia.com/niuvastudio/wisuda-custom-3d-print-patung-graduasi-3d-personalisasi-untuk-souvenir-khusus-1737001056781305610-1737001528663770890,variant,12,image,https://images.tokopedia.net/img/cache/700/aphluv/1997/1/1/70f78c7827e64a44ae2300b7a55eb96f~.jpeg.webp,,,103726333354,Lego Single Color / 8 cm,Niuva_Product_Images\103726333343\variant_103726333343.jpg,REUSED,
103474501379,3D PRINT LEGO FIGURE WISUDAWAN TELKOM UNIVERSITY,https://www.tokopedia.com/niuvastudio/3d-print-lego-figure-wisudawan-telkom-university-1736031180211586826,product_gallery,1,image,https://p16-images-sign-sg.tokopedia-static.net/tos-alisg-i-aphluv4xwc-sg/8b099fd1aa4e49e2998ae999803708fa~tplv-aphluv4xwc-resize-jpeg:700:0.jpeg?lk3s=0ccea506&x-expires=1789646011&x-signature=j3QM%2Bnlx1YUB2%2Bd3r%2FYdkcPq%2Bjk%3D&x-signature-webp=BDhDKtuKqO62qEOXTE8om5%2BGnTE%3D,https://p16-images-sign-sg.tokopedia-static.net/tos-alisg-i-aphluv4xwc-sg/8b099fd1aa4e49e2998ae999803708fa~tplv-aphluv4xwc-resize-jpeg:200:0.jpeg?lk3s=0ccea506&x-expires=1789646011&x-signature=SkKXutubu2608ERy1Jagrq%2Fx2kY%3D&x-signature-webp=BwxjWvJ41iJko7k7Q7jV5fCEXsg%3D,,,,Niuva_Product_Images\103474501379\gallery_001.jpg,OK,
103474501379,3D PRINT LEGO FIGURE WISUDAWAN TELKOM UNIVERSITY,https://www.tokopedia.com/niuvastudio/3d-print-lego-figure-wisudawan-telkom-university-1736031180211586826,product_gallery,2,image,https://p16-images-sign-sg.tokopedia-static.net/tos-alisg-i-aphluv4xwc-sg/f3ebd02f8d3044808010eebaada7b8a0~tplv-aphluv4xwc-resize-jpeg:700:0.jpeg?lk3s=0ccea506&x-expires=1789646011&x-signature=A%2BLggcWo1DNN4xASKtWrj6m1XZY%3D&x-signature-webp=d%2F1P%2Fpi3DYifmMwjKTW7HYXJCz0%3D,https://p16-images-sign-sg.tokopedia-static.net/tos-alisg-i-aphluv4xwc-sg/f3ebd02f8d3044808010eebaada7b8a0~tplv-aphluv4xwc-resize-jpeg:200:0.jpeg?lk3s=0ccea506&x-expires=1789646011&x-signature=PMfp288cBmkv%2Fde6izLKo66140E%3D&x-signature-webp=Z7UYKogYAu1WwcpdQFkNtC9LDHE%3D,,,,Niuva_Product_Images\103474501379\gallery_002.jpg,OK,
103343689816,"3D PRINT KEYCHAIN GEDUNG TELKOM UNIVERSITY (TULT, BANDUNG TECHNO PARK)",https://www.tokopedia.com/niuvastudio/3d-print-keychain-gedung-telkom-university-tult-bandung-techno-park-1735431958738929418-1735431963114374922,product_gallery,1,image,https://p16-images-sign-sg.tokopedia-static.net/tos-alisg-i-aphluv4xwc-sg/4d1042ce0a4841c4b1cddde7c56e4253~tplv-aphluv4xwc-resize-jpeg:700:0.jpeg?lk3s=0ccea506&x-expires=1789646017&x-signature=bSSq4nt%2B1%2BQjDqLw2xZ%2FF4DE6Z8%3D&x-signature-webp=8n8x3kU2zcCyaMWhj70OApnJKJM%3D,https://p16-images-sign-sg.tokopedia-static.net/tos-alisg-i-aphluv4xwc-sg/4d1042ce0a4841c4b1cddde7c56e4253~tplv-aphluv4xwc-resize-jpeg:200:0.jpeg?lk3s=0ccea506&x-expires=1789646017&x-signature=%2BAIZjLL564zzYdvzD3PFJDGfAjU%3D&x-signature-webp=q1UdDCveorZgJPPgqFvQIcj%2Bos0%3D,,,,Niuva_Product_Images\103343689816\gallery_001.jpg,OK,
103343689816,"3D PRINT KEYCHAIN GEDUNG TELKOM UNIVERSITY (TULT, BANDUNG TECHNO PARK)",https://www.tokopedia.com/niuvastudio/3d-print-keychain-gedung-telkom-university-tult-bandung-techno-park-1735431958738929418-1735431963114374922,product_gallery,2,image,https://p16-images-sign-sg.tokopedia-static.net/tos-alisg-i-aphluv4xwc-sg/5197b144621c4b56bc569b2712dd84a7~tplv-aphluv4xwc-resize-jpeg:700:0.jpeg?lk3s=0ccea506&x-expires=1789646017&x-signature=Enc4sPipEhn9qLy%2BX4Hw4ZNBOO4%3D&x-signature-webp=%2FiyRGB8bTXq3JFHOKx7XGzQlv9s%3D,https://p16-images-sign-sg.tokopedia-static.net/tos-alisg-i-aphluv4xwc-sg/5197b144621c4b56bc569b2712dd84a7~tplv-aphluv4xwc-resize-jpeg:200:0.jpeg?lk3s=0ccea506&x-expires=1789646017&x-signature=yxR%2BU6Ek6G3rmYSAscjGj9jO5Ps%3D&x-signature-webp=Zxg%2BE8HbxhEjnEg0SbPKoKOCLJg%3D,,,,Niuva_Product_Images\103343689816\gallery_002.jpg,OK,
103343689816,"3D PRINT KEYCHAIN GEDUNG TELKOM UNIVERSITY (TULT, BANDUNG TECHNO PARK)",https://www.tokopedia.com/niuvastudio/3d-print-keychain-gedung-telkom-university-tult-bandung-techno-park-1735431958738929418-1735431963114374922,product_gallery,3,image,https://p16-images-sign-sg.tokopedia-static.net/tos-alisg-i-aphluv4xwc-sg/d645dd79b9564e0ca37bde219012b21b~tplv-aphluv4xwc-resize-jpeg:700:0.jpeg?lk3s=0ccea506&x-expires=1789646017&x-signature=S0V9KaIXwAAUyiWNXU%2FzcTTewmg%3D&x-signature-webp=%2BDyuTyDAvzVRTwIUnNFp5Sp2gAI%3D,https://p16-images-sign-sg.tokopedia-static.net/tos-alisg-i-aphluv4xwc-sg/d645dd79b9564e0ca37bde219012b21b~tplv-aphluv4xwc-resize-jpeg:200:0.jpeg?lk3s=0ccea506&x-expires=1789646017&x-signature=dFqlh4V1eOM9GuaXa65ur5UpYMc%3D&x-signature-webp=Kp2hePvF17SN0PrzMIEBPP4v99M%3D,,,,Niuva_Product_Images\103343689816\gallery_003.jpg,OK,
103343689816,"3D PRINT KEYCHAIN GEDUNG TELKOM UNIVERSITY (TULT, BANDUNG TECHNO PARK)",https://www.tokopedia.com/niuvastudio/3d-print-keychain-gedung-telkom-university-tult-bandung-techno-park-1735431958738929418-1735431963114374922,product_gallery,4,image,https://p16-images-sign-sg.tokopedia-static.net/tos-alisg-i-aphluv4xwc-sg/33b107e073684cc6ac77dba9bccf5f02~tplv-aphluv4xwc-resize-jpeg:700:0.jpeg?lk3s=0ccea506&x-expires=1789646017&x-signature=gjB3D6cjx7Uf7vIuqJNjUJz6Lao%3D&x-signature-webp=olv1eG3Z6fgGkeHTVLVG9BJVsIg%3D,https://p16-images-sign-sg.tokopedia-static.net/tos-alisg-i-aphluv4xwc-sg/33b107e073684cc6ac77dba9bccf5f02~tplv-aphluv4xwc-resize-jpeg:200:0.jpeg?lk3s=0ccea506&x-expires=1789646017&x-signature=FWuaDeD06ey%2B8F6YDBiTxqsWcfg%3D&x-signature-webp=lxRiyFhNXO%2BICWZ3C%2BXe02DE3iM%3D,,,,Niuva_Product_Images\103343689816\gallery_004.jpg,OK,
103343689816,"3D PRINT KEYCHAIN GEDUNG TELKOM UNIVERSITY (TULT, BANDUNG TECHNO PARK)",https://www.tokopedia.com/niuvastudio/3d-print-keychain-gedung-telkom-university-tult-bandung-techno-park-1735431958738929418-1735431963114374922,product_gallery,5,image,https://p16-images-sign-sg.tokopedia-static.net/tos-alisg-i-aphluv4xwc-sg/e140811d00c343c3b00983a8d73258b2~tplv-aphluv4xwc-resize-jpeg:700:0.jpeg?lk3s=0ccea506&x-expires=1789646017&x-signature=KxW%2FEv%2FZPm5Tr6qsPRsaR8Hwd3o%3D&x-signature-webp=X0pf3N4Ke%2BpPNRNy7mLKTp4Snh8%3D,https://p16-images-sign-sg.tokopedia-static.net/tos-alisg-i-aphluv4xwc-sg/e140811d00c343c3b00983a8d73258b2~tplv-aphluv4xwc-resize-jpeg:700:0.jpeg?lk3s=0ccea506&x-expires=1789646017&x-signature=KxW%2FEv%2FZPm5Tr6qsPRsaR8Hwd3o%3D&x-signature-webp=X0pf3N4Ke%2BpPNRNy7mLKTp4Snh8%3D,,,,Niuva_Product_Images\103343689816\gallery_005.jpg,OK,
103343689816,"3D PRINT KEYCHAIN GEDUNG TELKOM UNIVERSITY (TULT, BANDUNG TECHNO PARK)",https://www.tokopedia.com/niuvastudio/3d-print-keychain-gedung-telkom-university-tult-bandung-techno-park-1735431958738929418-1735431963114374922,product_gallery,6,image,https://p16-images-sign-sg.tokopedia-static.net/tos-alisg-i-aphluv4xwc-sg/9b0225eaec684b00915445a816ff3992~tplv-aphluv4xwc-resize-jpeg:700:0.jpeg?lk3s=0ccea506&x-expires=1789646017&x-signature=Z63dV%2BXuCj8ot1r1nJULWKqHUxg%3D&x-signature-webp=ZOE2nrBkGzz8Pd81yQUSW4HGoxw%3D,https://p16-images-sign-sg.tokopedia-static.net/tos-alisg-i-aphluv4xwc-sg/9b0225eaec684b00915445a816ff3992~tplv-aphluv4xwc-resize-jpeg:700:0.jpeg?lk3s=0ccea506&x-expires=1789646017&x-signature=Z63dV%2BXuCj8ot1r1nJULWKqHUxg%3D&x-signature-webp=ZOE2nrBkGzz8Pd81yQUSW4HGoxw%3D,,,,Niuva_Product_Images\103343689816\gallery_006.jpg,OK,
103343689816,"3D PRINT KEYCHAIN GEDUNG TELKOM UNIVERSITY (TULT, BANDUNG TECHNO PARK)",https://www.tokopedia.com/niuvastudio/3d-print-keychain-gedung-telkom-university-tult-bandung-techno-park-1735431958738929418-1735431963114374922,product_gallery,7,image,https://p16-images-sign-sg.tokopedia-static.net/tos-alisg-i-aphluv4xwc-sg/1bad1d2dc25c44f88797cc5dad2f220e~tplv-aphluv4xwc-resize-jpeg:700:0.jpeg?lk3s=0ccea506&x-expires=1789646017&x-signature=avYJt9P47i7tQfeYBx3wb2qPwTw%3D&x-signature-webp=gw6fCLHQeNrvT%2FtnjWPjbUsjnYY%3D,https://p19-images-sign-sg.tokopedia-static.net/tos-alisg-i-aphluv4xwc-sg/1bad1d2dc25c44f88797cc5dad2f220e~tplv-aphluv4xwc-resize-jpeg:700:0.jpeg?lk3s=0ccea506&x-expires=1789646017&x-signature=CCwseyuN2FYDF31u1DnZCyylCEU%3D&x-signature-webp=ILRW8ogGwz1elXh6vVuTaxJtVtU%3D,,,,Niuva_Product_Images\103343689816\gallery_007.jpg,OK,
103343689816,"3D PRINT KEYCHAIN GEDUNG TELKOM UNIVERSITY (TULT, BANDUNG TECHNO PARK)",https://www.tokopedia.com/niuvastudio/3d-print-keychain-gedung-telkom-university-tult-bandung-techno-park-1735431958738929418-1735431963114374922,variant,1,image,https://images.tokopedia.net/img/cache/700/aphluv/1997/1/1/e140811d00c343c3b00983a8d73258b2~.jpeg.webp,,,103343689816,TULT BIRU,Niuva_Product_Images\103343689816\variant_103343689816.jpg,OK,
103343689816,"3D PRINT KEYCHAIN GEDUNG TELKOM UNIVERSITY (TULT, BANDUNG TECHNO PARK)",https://www.tokopedia.com/niuvastudio/3d-print-keychain-gedung-telkom-university-tult-bandung-techno-park-1735431958738929418-1735431963114374922,variant,2,image,https://images.tokopedia.net/img/cache/700/aphluv/1997/1/1/9b0225eaec684b00915445a816ff3992~.jpeg.webp,,,103343689817,BANDUNG TECHNO PARK,Niuva_Product_Images\103343689816\variant_103343689817.jpg,OK,
103343689816,"3D PRINT KEYCHAIN GEDUNG TELKOM UNIVERSITY (TULT, BANDUNG TECHNO PARK)",https://www.tokopedia.com/niuvastudio/3d-print-keychain-gedung-telkom-university-tult-bandung-techno-park-1735431958738929418-1735431963114374922,variant,3,image,https://images.tokopedia.net/img/cache/700/aphluv/1997/1/1/1bad1d2dc25c44f88797cc5dad2f220e~.jpeg.webp,,,103343689818,TULT ABU,Niuva_Product_Images\103343689816\variant_103343689818.jpg,OK,
103343687481,3D Print LEGO Figure Wisudawan Telkom University PLA (Bisa Custom Tali Toga Fakultas),https://www.tokopedia.com/niuvastudio/3d-print-lego-figure-wisudawan-telkom-university-pla-bisa-custom-tali-toga-fakultas-1735433388996069130-1735433427198904074,product_gallery,1,image,https://p16-images-sign-sg.tokopedia-static.net/tos-alisg-i-aphluv4xwc-sg/36e962fa59734122a5c603bd3b617457~tplv-aphluv4xwc-resize-jpeg:700:0.jpeg?lk3s=0ccea506&x-expires=1789646020&x-signature=UHRS3L9fCzWRI5Mv8TgaUHFfO3E%3D&x-signature-webp=jJ9GvtcNqj70tc60O1kw89b32%2Bw%3D,https://p16-images-sign-sg.tokopedia-static.net/tos-alisg-i-aphluv4xwc-sg/36e962fa59734122a5c603bd3b617457~tplv-aphluv4xwc-resize-jpeg:200:0.jpeg?lk3s=0ccea506&x-expires=1789646020&x-signature=gHqhcnS6p%2BFNCzziLIIfyOl25tk%3D&x-signature-webp=HueiNA6W%2BqwRjAoSTkBBfrCHupE%3D,,,,Niuva_Product_Images\103343687481\gallery_001.jpg,OK,
103343687481,3D Print LEGO Figure Wisudawan Telkom University PLA (Bisa Custom Tali Toga Fakultas),https://www.tokopedia.com/niuvastudio/3d-print-lego-figure-wisudawan-telkom-university-pla-bisa-custom-tali-toga-fakultas-1735433388996069130-1735433427198904074,product_gallery,2,image,https://p16-images-sign-sg.tokopedia-static.net/tos-alisg-i-aphluv4xwc-sg/81a7fb788e4146f5b2340e5a7c7c43f7~tplv-aphluv4xwc-resize-jpeg:700:0.jpeg?lk3s=0ccea506&x-expires=1789646020&x-signature=lZeu7C6aK4bjBLGWFDddFFeg%2BFE%3D&x-signature-webp=gix3sHTEbgot1YYcvt94uit46iI%3D,https://p16-images-sign-sg.tokopedia-static.net/tos-alisg-i-aphluv4xwc-sg/81a7fb788e4146f5b2340e5a7c7c43f7~tplv-aphluv4xwc-resize-jpeg:200:0.jpeg?lk3s=0ccea506&x-expires=1789646020&x-signature=tptzOnKDpn1qlSol8WWNc%2BtLJeQ%3D&x-signature-webp=j79tiZbAxWjcuEbh9Pi3ckRxhlg%3D,,,,Niuva_Product_Images\103343687481\gallery_002.jpg,OK,
103343687481,3D Print LEGO Figure Wisudawan Telkom University PLA (Bisa Custom Tali Toga Fakultas),https://www.tokopedia.com/niuvastudio/3d-print-lego-figure-wisudawan-telkom-university-pla-bisa-custom-tali-toga-fakultas-1735433388996069130-1735433427198904074,product_gallery,3,image,https://p16-images-sign-sg.tokopedia-static.net/tos-alisg-i-aphluv4xwc-sg/632c63c42ca44b858f25d82ec9d7ce60~tplv-aphluv4xwc-resize-jpeg:700:0.jpeg?lk3s=0ccea506&x-expires=1789646020&x-signature=Bw6teuiMfsmK8NMVjTyt1GTactg%3D&x-signature-webp=0LskqGPE25qB4cwFNGQRqhZ6taw%3D,https://p16-images-sign-sg.tokopedia-static.net/tos-alisg-i-aphluv4xwc-sg/632c63c42ca44b858f25d82ec9d7ce60~tplv-aphluv4xwc-resize-jpeg:200:0.jpeg?lk3s=0ccea506&x-expires=1789646020&x-signature=%2FpxhlUIDgHLrdUoPhTb80MddJQk%3D&x-signature-webp=SY6xaaV0cPff5ClKDv6aRA82TdU%3D,,,,Niuva_Product_Images\103343687481\gallery_003.jpg,OK,
103343687481,3D Print LEGO Figure Wisudawan Telkom University PLA (Bisa Custom Tali Toga Fakultas),https://www.tokopedia.com/niuvastudio/3d-print-lego-figure-wisudawan-telkom-university-pla-bisa-custom-tali-toga-fakultas-1735433388996069130-1735433427198904074,product_gallery,4,image,https://p16-images-sign-sg.tokopedia-static.net/tos-alisg-i-aphluv4xwc-sg/5bb6e96ad0374e8bbaf0f13fd15e4534~tplv-aphluv4xwc-resize-jpeg:700:0.jpeg?lk3s=0ccea506&x-expires=1789646020&x-signature=EbWMLrqpMLGpORahKe1%2BLiUMzpQ%3D&x-signature-webp=BOUrY8Dpq2ukJK3Gv3IRSrvaY6w%3D,https://p16-images-sign-sg.tokopedia-static.net/tos-alisg-i-aphluv4xwc-sg/5bb6e96ad0374e8bbaf0f13fd15e4534~tplv-aphluv4xwc-resize-jpeg:200:0.jpeg?lk3s=0ccea506&x-expires=1789646020&x-signature=qyHW%2F4o0zWMNo6jHTbk4vuCHgug%3D&x-signature-webp=PjYDDq9DwzrdzkZYYIYJWZA2004%3D,,,,Niuva_Product_Images\103343687481\gallery_004.jpg,OK,
103343687481,3D Print LEGO Figure Wisudawan Telkom University PLA (Bisa Custom Tali Toga Fakultas),https://www.tokopedia.com/niuvastudio/3d-print-lego-figure-wisudawan-telkom-university-pla-bisa-custom-tali-toga-fakultas-1735433388996069130-1735433427198904074,product_gallery,5,image,https://p16-images-sign-sg.tokopedia-static.net/tos-alisg-i-aphluv4xwc-sg/66488a928e8042519c6676d816cd6471~tplv-aphluv4xwc-resize-jpeg:700:0.jpeg?lk3s=0ccea506&x-expires=1789646020&x-signature=cUuAAydx2LaOua2pACovM4Niidc%3D&x-signature-webp=B4Qu18bZe0QvxPAVUNzVpLn2oGw%3D,https://p16-images-sign-sg.tokopedia-static.net/tos-alisg-i-aphluv4xwc-sg/66488a928e8042519c6676d816cd6471~tplv-aphluv4xwc-resize-jpeg:700:0.jpeg?lk3s=0ccea506&x-expires=1789646020&x-signature=cUuAAydx2LaOua2pACovM4Niidc%3D&x-signature-webp=B4Qu18bZe0QvxPAVUNzVpLn2oGw%3D,,,,Niuva_Product_Images\103343687481\gallery_005.jpg,OK,
103343687481,3D Print LEGO Figure Wisudawan Telkom University PLA (Bisa Custom Tali Toga Fakultas),https://www.tokopedia.com/niuvastudio/3d-print-lego-figure-wisudawan-telkom-university-pla-bisa-custom-tali-toga-fakultas-1735433388996069130-1735433427198904074,product_gallery,6,image,https://p16-images-sign-sg.tokopedia-static.net/tos-alisg-i-aphluv4xwc-sg/1754b3fc687d4f4b9dfdc746f39386bc~tplv-aphluv4xwc-resize-jpeg:700:0.jpeg?lk3s=0ccea506&x-expires=1789646020&x-signature=XmHZ2xT17HsceQ6arKyjq0e27cU%3D&x-signature-webp=pzPaLXx6iWy2%2BbM1mwe4LrZI5wc%3D,https://p16-images-sign-sg.tokopedia-static.net/tos-alisg-i-aphluv4xwc-sg/1754b3fc687d4f4b9dfdc746f39386bc~tplv-aphluv4xwc-resize-jpeg:700:0.jpeg?lk3s=0ccea506&x-expires=1789646020&x-signature=XmHZ2xT17HsceQ6arKyjq0e27cU%3D&x-signature-webp=pzPaLXx6iWy2%2BbM1mwe4LrZI5wc%3D,,,,Niuva_Product_Images\103343687481\gallery_006.jpg,OK,
103343687481,3D Print LEGO Figure Wisudawan Telkom University PLA (Bisa Custom Tali Toga Fakultas),https://www.tokopedia.com/niuvastudio/3d-print-lego-figure-wisudawan-telkom-university-pla-bisa-custom-tali-toga-fakultas-1735433388996069130-1735433427198904074,variant,1,image,https://images.tokopedia.net/img/cache/700/aphluv/1997/1/1/66488a928e8042519c6676d816cd6471~.jpeg.webp,,,103343687481,PEREMPUAN,Niuva_Product_Images\103343687481\variant_103343687481.jpg,OK,
103343687481,3D Print LEGO Figure Wisudawan Telkom University PLA (Bisa Custom Tali Toga Fakultas),https://www.tokopedia.com/niuvastudio/3d-print-lego-figure-wisudawan-telkom-university-pla-bisa-custom-tali-toga-fakultas-1735433388996069130-1735433427198904074,variant,2,image,https://images.tokopedia.net/img/cache/700/aphluv/1997/1/1/1754b3fc687d4f4b9dfdc746f39386bc~.jpeg.webp,,,103343687482,LAKI LAKI,Niuva_Product_Images\103343687481\variant_103343687482.jpg,OK,
103342790916,3D PRINT KEYCHAIN ANIMAL TELKOM UNIVERSITY,https://www.tokopedia.com/niuvastudio/3d-print-keychain-animal-telkom-university-1735431904246466314-1735431958441002762,product_gallery,1,image,https://p16-images-sign-sg.tokopedia-static.net/tos-alisg-i-aphluv4xwc-sg/805d27da245d458883c5089b8f2cf1fc~tplv-aphluv4xwc-resize-jpeg:700:0.jpeg?lk3s=0ccea506&x-expires=1789646024&x-signature=Tbv3SzY4pEdpnKY%2F%2FAHiLk2OUxo%3D&x-signature-webp=x6%2FYKs%2B1jqrgT0fxT6dete4Neio%3D,https://p16-images-sign-sg.tokopedia-static.net/tos-alisg-i-aphluv4xwc-sg/805d27da245d458883c5089b8f2cf1fc~tplv-aphluv4xwc-resize-jpeg:200:0.jpeg?lk3s=0ccea506&x-expires=1789646024&x-signature=ra4rDzB8tdjNj3S8kkgRDc9O2gY%3D&x-signature-webp=i8veO8QbB4xsbHTQ3JQmaV6EkoE%3D,,,,Niuva_Product_Images\103342790916\gallery_001.jpg,OK,
103342790916,3D PRINT KEYCHAIN ANIMAL TELKOM UNIVERSITY,https://www.tokopedia.com/niuvastudio/3d-print-keychain-animal-telkom-university-1735431904246466314-1735431958441002762,product_gallery,2,image,https://p16-images-sign-sg.tokopedia-static.net/tos-alisg-i-aphluv4xwc-sg/d43539d7a5384fcebdc259d5f206ccc8~tplv-aphluv4xwc-resize-jpeg:700:0.jpeg?lk3s=0ccea506&x-expires=1789646024&x-signature=NCgs4BPRULa9SVHE4XymMNM6gQ8%3D&x-signature-webp=ck0EXTnn44e4OyL8z%2BZTYVixgHs%3D,https://p16-images-sign-sg.tokopedia-static.net/tos-alisg-i-aphluv4xwc-sg/d43539d7a5384fcebdc259d5f206ccc8~tplv-aphluv4xwc-resize-jpeg:200:0.jpeg?lk3s=0ccea506&x-expires=1789646024&x-signature=pfQt8YIJKjoLSDVf5eSzr80vVuA%3D&x-signature-webp=WY%2FwXU%2Fi4zf4sAwk62a2zlbyyV0%3D,,,,Niuva_Product_Images\103342790916\gallery_002.jpg,OK,
103342790916,3D PRINT KEYCHAIN ANIMAL TELKOM UNIVERSITY,https://www.tokopedia.com/niuvastudio/3d-print-keychain-animal-telkom-university-1735431904246466314-1735431958441002762,product_gallery,3,image,https://p16-images-sign-sg.tokopedia-static.net/tos-alisg-i-aphluv4xwc-sg/1ef728ec8f8b4f74a86d3869e1ce1f27~tplv-aphluv4xwc-resize-jpeg:700:0.jpeg?lk3s=0ccea506&x-expires=1789646024&x-signature=BMPKDGFuGiYnf6Ka%2FNYc8%2BZ5l9E%3D&x-signature-webp=C1Tj%2FldGi9dN9a%2FVhgBRmIoNEBg%3D,https://p16-images-sign-sg.tokopedia-static.net/tos-alisg-i-aphluv4xwc-sg/1ef728ec8f8b4f74a86d3869e1ce1f27~tplv-aphluv4xwc-resize-jpeg:200:0.jpeg?lk3s=0ccea506&x-expires=1789646024&x-signature=rRd8KXj9db%2BfiucesbMTt4TjVW4%3D&x-signature-webp=pMXSRCkhhGndBWgVR1JzsCllbn8%3D,,,,Niuva_Product_Images\103342790916\gallery_003.jpg,OK,
103342790916,3D PRINT KEYCHAIN ANIMAL TELKOM UNIVERSITY,https://www.tokopedia.com/niuvastudio/3d-print-keychain-animal-telkom-university-1735431904246466314-1735431958441002762,product_gallery,4,image,https://p16-images-sign-sg.tokopedia-static.net/tos-alisg-i-aphluv4xwc-sg/4b21de2dd1b44f93a8cc4bd0b8760f22~tplv-aphluv4xwc-resize-jpeg:700:0.jpeg?lk3s=0ccea506&x-expires=1789646024&x-signature=71x%2F%2BHY0Gc%2FMvDt0EcH4yMNk5T4%3D&x-signature-webp=uY926%2FVTfX5Itg4rOIdR%2BVQIpIM%3D,https://p16-images-sign-sg.tokopedia-static.net/tos-alisg-i-aphluv4xwc-sg/4b21de2dd1b44f93a8cc4bd0b8760f22~tplv-aphluv4xwc-resize-jpeg:200:0.jpeg?lk3s=0ccea506&x-expires=1789646024&x-signature=bz8srJuLOjiCYDeXsF1BGMSEPio%3D&x-signature-webp=LcrIKwTOASxwTvluPAZBkkCRGtU%3D,,,,Niuva_Product_Images\103342790916\gallery_004.jpg,OK,
103342790916,3D PRINT KEYCHAIN ANIMAL TELKOM UNIVERSITY,https://www.tokopedia.com/niuvastudio/3d-print-keychain-animal-telkom-university-1735431904246466314-1735431958441002762,product_gallery,5,image,https://p16-images-sign-sg.tokopedia-static.net/tos-alisg-i-aphluv4xwc-sg/b45228aee24a42d296d6784e0de8ad60~tplv-aphluv4xwc-resize-jpeg:700:0.jpeg?lk3s=0ccea506&x-expires=1789646024&x-signature=RBB33UQkJouuV3trfY8ZLAVEM4E%3D&x-signature-webp=YPYb3jSntbW%2BK1PDNNPxVfTw4ww%3D,https://p16-images-sign-sg.tokopedia-static.net/tos-alisg-i-aphluv4xwc-sg/b45228aee24a42d296d6784e0de8ad60~tplv-aphluv4xwc-resize-jpeg:200:0.jpeg?lk3s=0ccea506&x-expires=1789646024&x-signature=WpZ%2F3hiEKvDcdNlYsl6vOtH1yL0%3D&x-signature-webp=O4Ujnv9Z0gODmNnu%2Fd4Kv5%2BaAk0%3D,,,,Niuva_Product_Images\103342790916\gallery_005.jpg,OK,
103342790916,3D PRINT KEYCHAIN ANIMAL TELKOM UNIVERSITY,https://www.tokopedia.com/niuvastudio/3d-print-keychain-animal-telkom-university-1735431904246466314-1735431958441002762,product_gallery,6,image,https://p19-images-sign-sg.tokopedia-static.net/tos-alisg-i-aphluv4xwc-sg/3a97d8cff33f4afab7a92750c6ea97bd~tplv-aphluv4xwc-resize-jpeg:700:0.jpeg?lk3s=0ccea506&x-expires=1789646024&x-signature=4qN%2B2zzlw72Ly%2BzwEIvAp3X1nt0%3D&x-signature-webp=JyNfnN3CzJgWJGn2c3EejbVQzgU%3D,https://p16-images-sign-sg.tokopedia-static.net/tos-alisg-i-aphluv4xwc-sg/3a97d8cff33f4afab7a92750c6ea97bd~tplv-aphluv4xwc-resize-jpeg:200:0.jpeg?lk3s=0ccea506&x-expires=1789646024&x-signature=5buFaNVA5StU8IU4NvN5ljoDnQU%3D&x-signature-webp=WtWuYOkcOUrjAktxkf7ZhC8atC4%3D,,,,Niuva_Product_Images\103342790916\gallery_006.jpg,OK,
103342790916,3D PRINT KEYCHAIN ANIMAL TELKOM UNIVERSITY,https://www.tokopedia.com/niuvastudio/3d-print-keychain-animal-telkom-university-1735431904246466314-1735431958441002762,product_gallery,7,image,https://p16-images-sign-sg.tokopedia-static.net/tos-alisg-i-aphluv4xwc-sg/282694eb40374192b9e194c520c91b0d~tplv-aphluv4xwc-resize-jpeg:700:0.jpeg?lk3s=0ccea506&x-expires=1789646024&x-signature=pz36nJZN%2FLELk8U5vRHRYeifCu8%3D&x-signature-webp=wBbAZHUdxRT8lKa%2B4eVlOC9q6Z4%3D,https://p16-images-sign-sg.tokopedia-static.net/tos-alisg-i-aphluv4xwc-sg/282694eb40374192b9e194c520c91b0d~tplv-aphluv4xwc-resize-jpeg:200:0.jpeg?lk3s=0ccea506&x-expires=1789646024&x-signature=NQqLZkxdaPma1jV15PgmLChLmjQ%3D&x-signature-webp=mZAcV3cSgRtYmMhEeR1ZLsxoj6A%3D,,,,Niuva_Product_Images\103342790916\gallery_007.jpg,OK,
103342790916,3D PRINT KEYCHAIN ANIMAL TELKOM UNIVERSITY,https://www.tokopedia.com/niuvastudio/3d-print-keychain-animal-telkom-university-1735431904246466314-1735431958441002762,product_gallery,8,image,https://p19-images-sign-sg.tokopedia-static.net/tos-alisg-i-aphluv4xwc-sg/5806fc2a7e6c448b87838e59e75f1929~tplv-aphluv4xwc-resize-jpeg:700:0.jpeg?lk3s=0ccea506&x-expires=1789646024&x-signature=HtpS%2BJcNmXMU3cLWQorpBDxNA%2Bc%3D&x-signature-webp=%2BcrXy0adH1s6DDunjvNXQtHo6V8%3D,https://p16-images-sign-sg.tokopedia-static.net/tos-alisg-i-aphluv4xwc-sg/5806fc2a7e6c448b87838e59e75f1929~tplv-aphluv4xwc-resize-jpeg:700:0.jpeg?lk3s=0ccea506&x-expires=1789646024&x-signature=8oGT6tz4UBMwmFyMsaoe9zfXTvg%3D&x-signature-webp=UZHoufb6ZSpO%2Ff0OLyODLmG6b40%3D,,,,Niuva_Product_Images\103342790916\gallery_008.jpg,OK,
103342790916,3D PRINT KEYCHAIN ANIMAL TELKOM UNIVERSITY,https://www.tokopedia.com/niuvastudio/3d-print-keychain-animal-telkom-university-1735431904246466314-1735431958441002762,product_gallery,9,image,https://p16-images-sign-sg.tokopedia-static.net/tos-alisg-i-aphluv4xwc-sg/01c44a71ca8d4f43999a6e8fa94f0724~tplv-aphluv4xwc-resize-jpeg:700:0.jpeg?lk3s=0ccea506&x-expires=1789646024&x-signature=s3XpZJFXR2zBwZizMgnLKyrYWNw%3D&x-signature-webp=IUbEhRgmlsIqC7y3F4eFSYZ0HMo%3D,https://p16-images-sign-sg.tokopedia-static.net/tos-alisg-i-aphluv4xwc-sg/01c44a71ca8d4f43999a6e8fa94f0724~tplv-aphluv4xwc-resize-jpeg:700:0.jpeg?lk3s=0ccea506&x-expires=1789646024&x-signature=s3XpZJFXR2zBwZizMgnLKyrYWNw%3D&x-signature-webp=IUbEhRgmlsIqC7y3F4eFSYZ0HMo%3D,,,,Niuva_Product_Images\103342790916\gallery_009.jpg,OK,
103342790916,3D PRINT KEYCHAIN ANIMAL TELKOM UNIVERSITY,https://www.tokopedia.com/niuvastudio/3d-print-keychain-animal-telkom-university-1735431904246466314-1735431958441002762,product_gallery,10,image,https://p16-images-sign-sg.tokopedia-static.net/tos-alisg-i-aphluv4xwc-sg/17559de5f5f846daa12442c61d6f21c9~tplv-aphluv4xwc-resize-jpeg:700:0.jpeg?lk3s=0ccea506&x-expires=1789646024&x-signature=P1WWhj4g85KoTql%2BIF1uywv7ef0%3D&x-signature-webp=UBhM50sYzZWs%2F0KGoN%2FyAWCboQY%3D,https://p16-images-sign-sg.tokopedia-static.net/tos-alisg-i-aphluv4xwc-sg/17559de5f5f846daa12442c61d6f21c9~tplv-aphluv4xwc-resize-jpeg:700:0.jpeg?lk3s=0ccea506&x-expires=1789646024&x-signature=P1WWhj4g85KoTql%2BIF1uywv7ef0%3D&x-signature-webp=UBhM50sYzZWs%2F0KGoN%2FyAWCboQY%3D,,,,Niuva_Product_Images\103342790916\gallery_010.jpg,OK,
103342790916,3D PRINT KEYCHAIN ANIMAL TELKOM UNIVERSITY,https://www.tokopedia.com/niuvastudio/3d-print-keychain-animal-telkom-university-1735431904246466314-1735431958441002762,product_gallery,11,image,https://p16-images-sign-sg.tokopedia-static.net/tos-alisg-i-aphluv4xwc-sg/1e5c62974cfe4f06848cd22418272c87~tplv-aphluv4xwc-resize-jpeg:700:0.jpeg?lk3s=0ccea506&x-expires=1789646024&x-signature=bS0uKvQG9446EsvLtwNd6dwIBsI%3D&x-signature-webp=41X68TO8cz8oodz8gu5TIW088T4%3D,https://p16-images-sign-sg.tokopedia-static.net/tos-alisg-i-aphluv4xwc-sg/1e5c62974cfe4f06848cd22418272c87~tplv-aphluv4xwc-resize-jpeg:700:0.jpeg?lk3s=0ccea506&x-expires=1789646024&x-signature=bS0uKvQG9446EsvLtwNd6dwIBsI%3D&x-signature-webp=41X68TO8cz8oodz8gu5TIW088T4%3D,,,,Niuva_Product_Images\103342790916\gallery_011.jpg,OK,
103342790916,3D PRINT KEYCHAIN ANIMAL TELKOM UNIVERSITY,https://www.tokopedia.com/niuvastudio/3d-print-keychain-animal-telkom-university-1735431904246466314-1735431958441002762,product_gallery,12,image,https://p16-images-sign-sg.tokopedia-static.net/tos-alisg-i-aphluv4xwc-sg/3de569aff3154f90840bf0a9ecfb4ff9~tplv-aphluv4xwc-resize-jpeg:700:0.jpeg?lk3s=0ccea506&x-expires=1789646024&x-signature=5sKpH73qCtr7ic7Tsob7iE1gpPM%3D&x-signature-webp=6jzUOQ5ggjoEeD7P8glx4kZ%2F0ac%3D,https://p16-images-sign-sg.tokopedia-static.net/tos-alisg-i-aphluv4xwc-sg/3de569aff3154f90840bf0a9ecfb4ff9~tplv-aphluv4xwc-resize-jpeg:700:0.jpeg?lk3s=0ccea506&x-expires=1789646024&x-signature=5sKpH73qCtr7ic7Tsob7iE1gpPM%3D&x-signature-webp=6jzUOQ5ggjoEeD7P8glx4kZ%2F0ac%3D,,,,Niuva_Product_Images\103342790916\gallery_012.jpg,OK,
103342790916,3D PRINT KEYCHAIN ANIMAL TELKOM UNIVERSITY,https://www.tokopedia.com/niuvastudio/3d-print-keychain-animal-telkom-university-1735431904246466314-1735431958441002762,variant,1,image,https://images.tokopedia.net/img/cache/700/aphluv/1997/1/1/5806fc2a7e6c448b87838e59e75f1929~.jpeg.webp,,,103342790916,soang baju merah,Niuva_Product_Images\103342790916\variant_103342790916.jpg,OK,
103342790916,3D PRINT KEYCHAIN ANIMAL TELKOM UNIVERSITY,https://www.tokopedia.com/niuvastudio/3d-print-keychain-animal-telkom-university-1735431904246466314-1735431958441002762,variant,2,image,https://images.tokopedia.net/img/cache/700/aphluv/1997/1/1/01c44a71ca8d4f43999a6e8fa94f0724~.jpeg.webp,,,103342790917,soang baju putih,Niuva_Product_Images\103342790916\variant_103342790917.jpg,OK,
103342790916,3D PRINT KEYCHAIN ANIMAL TELKOM UNIVERSITY,https://www.tokopedia.com/niuvastudio/3d-print-keychain-animal-telkom-university-1735431904246466314-1735431958441002762,variant,3,image,https://images.tokopedia.net/img/cache/700/aphluv/1997/1/1/17559de5f5f846daa12442c61d6f21c9~.jpeg.webp,,,103342790918,maung wisuda,Niuva_Product_Images\103342790916\variant_103342790918.jpg,OK,
103342790916,3D PRINT KEYCHAIN ANIMAL TELKOM UNIVERSITY,https://www.tokopedia.com/niuvastudio/3d-print-keychain-animal-telkom-university-1735431904246466314-1735431958441002762,variant,4,image,https://images.tokopedia.net/img/cache/700/aphluv/1997/1/1/1e5c62974cfe4f06848cd22418272c87~.jpeg.webp,,,103342790919,galih,Niuva_Product_Images\103342790916\variant_103342790919.jpg,OK,
103342790916,3D PRINT KEYCHAIN ANIMAL TELKOM UNIVERSITY,https://www.tokopedia.com/niuvastudio/3d-print-keychain-animal-telkom-university-1735431904246466314-1735431958441002762,variant,5,image,https://images.tokopedia.net/img/cache/700/aphluv/1997/1/1/3de569aff3154f90840bf0a9ecfb4ff9~.jpeg.webp,,,103342790920,merak,Niuva_Product_Images\103342790916\variant_103342790920.jpg,OK,
103340568955,"3D PRINT CUSTOM FIGURE SPECIAL MOMENTS (Newborn, weddings, birthday, dll)",https://www.tokopedia.com/niuvastudio/3d-print-custom-figure-special-moments-newborn-weddings-birthday-dll-1735422370974500618-1735423689722922762,product_gallery,1,image,https://p16-images-sign-sg.tokopedia-static.net/tos-alisg-i-aphluv4xwc-sg/f2998fb257e94aa18a47108f1861705e~tplv-aphluv4xwc-resize-jpeg:700:0.jpeg?lk3s=0ccea506&x-expires=1789646029&x-signature=Efci3BJtcP1Nh8%2F41pcOhqiXuIE%3D&x-signature-webp=YMLls2p9Rh%2B8LkdlWOHSZPfXazk%3D,https://p16-images-sign-sg.tokopedia-static.net/tos-alisg-i-aphluv4xwc-sg/f2998fb257e94aa18a47108f1861705e~tplv-aphluv4xwc-resize-jpeg:200:0.jpeg?lk3s=0ccea506&x-expires=1789646029&x-signature=ZHQud5OUyQ0tC%2FX2znNkTSJNCgU%3D&x-signature-webp=apAnKal4TRUTPymTB3qoRYpdcYg%3D,,,,Niuva_Product_Images\103340568955\gallery_001.jpg,OK,
103340568955,"3D PRINT CUSTOM FIGURE SPECIAL MOMENTS (Newborn, weddings, birthday, dll)",https://www.tokopedia.com/niuvastudio/3d-print-custom-figure-special-moments-newborn-weddings-birthday-dll-1735422370974500618-1735423689722922762,product_gallery,2,image,https://p16-images-sign-sg.tokopedia-static.net/tos-alisg-i-aphluv4xwc-sg/e40ad8327867413a91371d97d5907a87~tplv-aphluv4xwc-resize-jpeg:700:0.jpeg?lk3s=0ccea506&x-expires=1789646029&x-signature=Dkf9Gkw4AxdKLRM0Xj4U%2FDJ9HOY%3D&x-signature-webp=PeyEebN5r1EI9Ivoz14wZs3F1v0%3D,https://p16-images-sign-sg.tokopedia-static.net/tos-alisg-i-aphluv4xwc-sg/e40ad8327867413a91371d97d5907a87~tplv-aphluv4xwc-resize-jpeg:200:0.jpeg?lk3s=0ccea506&x-expires=1789646029&x-signature=08cpJpJPLTsnk6PR6fa9j31LiT0%3D&x-signature-webp=4I7G4XxKAj%2BOngkmgCgtZ6Vbdqw%3D,,,,Niuva_Product_Images\103340568955\gallery_002.jpg,OK,
103340568955,"3D PRINT CUSTOM FIGURE SPECIAL MOMENTS (Newborn, weddings, birthday, dll)",https://www.tokopedia.com/niuvastudio/3d-print-custom-figure-special-moments-newborn-weddings-birthday-dll-1735422370974500618-1735423689722922762,product_gallery,3,image,https://p16-images-sign-sg.tokopedia-static.net/tos-alisg-i-aphluv4xwc-sg/6b23678b76a348f5ad2c9cb33895723a~tplv-aphluv4xwc-resize-jpeg:700:0.jpeg?lk3s=0ccea506&x-expires=1789646029&x-signature=Xd2mVZHSwsaoWFzptDfGC3JldGQ%3D&x-signature-webp=zKd5ebneXXRuS9qC1lztMv9kpzU%3D,https://p16-images-sign-sg.tokopedia-static.net/tos-alisg-i-aphluv4xwc-sg/6b23678b76a348f5ad2c9cb33895723a~tplv-aphluv4xwc-resize-jpeg:200:0.jpeg?lk3s=0ccea506&x-expires=1789646029&x-signature=eJIEjgaevccbNj1MmPpBD8z4E%2BU%3D&x-signature-webp=OV5TvXV%2FIshatB2UZC55ZkYl81M%3D,,,,Niuva_Product_Images\103340568955\gallery_003.jpg,OK,
103340568955,"3D PRINT CUSTOM FIGURE SPECIAL MOMENTS (Newborn, weddings, birthday, dll)",https://www.tokopedia.com/niuvastudio/3d-print-custom-figure-special-moments-newborn-weddings-birthday-dll-1735422370974500618-1735423689722922762,variant,1,image,https://images.tokopedia.net/img/cache/700/aphluv/1997/1/1/f2998fb257e94aa18a47108f1861705e~.jpeg.webp,,,103340568955,NO COLOUR,Niuva_Product_Images\103340568955\variant_103340568955.jpg,OK,
103340568955,"3D PRINT CUSTOM FIGURE SPECIAL MOMENTS (Newborn, weddings, birthday, dll)",https://www.tokopedia.com/niuvastudio/3d-print-custom-figure-special-moments-newborn-weddings-birthday-dll-1735422370974500618-1735423689722922762,variant,2,image,https://images.tokopedia.net/img/cache/700/aphluv/1997/1/1/f2998fb257e94aa18a47108f1861705e~.jpeg.webp,,,103340568956,COLOUR (Acrylic hand painting),Niuva_Product_Images\103340568955\variant_103340568955.jpg,REUSED,
103339597166,"[PREORDER] 3D PRINT CUSTOM FIGURE (Bubble head, chibi, cartoon, emoji) READ DESCRIPTION FOR ORDER",https://www.tokopedia.com/niuvastudio/3d-print-custom-figure-bubble-head-chibi-cartoon-emoji-1735421281506264842-1735421539156526858,product_gallery,1,image,https://p16-images-sign-sg.tokopedia-static.net/tos-alisg-i-aphluv4xwc-sg/f459dd5b748e424e9c656220f3bc9b12~tplv-aphluv4xwc-resize-jpeg:700:0.jpeg?lk3s=0ccea506&x-expires=1789646031&x-signature=JzuGZkBT%2FivUuAES754e3G7xEBg%3D&x-signature-webp=qU1UVGZCXDI2%2FoUWU2Wr2VrWYtg%3D,https://p19-images-sign-sg.tokopedia-static.net/tos-alisg-i-aphluv4xwc-sg/f459dd5b748e424e9c656220f3bc9b12~tplv-aphluv4xwc-resize-jpeg:200:0.jpeg?lk3s=0ccea506&x-expires=1789646031&x-signature=KI5Kwe8G4ici%2Bp5BgU3Bl7FJbdU%3D&x-signature-webp=3Ml8X0qYxScVSxfp6et%2BrO%2Faesw%3D,,,,Niuva_Product_Images\103339597166\gallery_001.jpg,OK,
103339597166,"[PREORDER] 3D PRINT CUSTOM FIGURE (Bubble head, chibi, cartoon, emoji) READ DESCRIPTION FOR ORDER",https://www.tokopedia.com/niuvastudio/3d-print-custom-figure-bubble-head-chibi-cartoon-emoji-1735421281506264842-1735421539156526858,product_gallery,2,image,https://p16-images-sign-sg.tokopedia-static.net/tos-alisg-i-aphluv4xwc-sg/9aa346acb295436d948b9cb50e68fddf~tplv-aphluv4xwc-resize-jpeg:700:0.jpeg?lk3s=0ccea506&x-expires=1789646031&x-signature=0oAWPPB9%2FWirKROikDeV7UqZ%2BjY%3D&x-signature-webp=J%2FTOGC%2BcIaDazz1DbxQKh8HTZGo%3D,https://p16-images-sign-sg.tokopedia-static.net/tos-alisg-i-aphluv4xwc-sg/9aa346acb295436d948b9cb50e68fddf~tplv-aphluv4xwc-resize-jpeg:200:0.jpeg?lk3s=0ccea506&x-expires=1789646031&x-signature=iv5PQpfP2qzCtRkKF2OlYZyfzVo%3D&x-signature-webp=2rYMAK4psrhLMgEv2q8FdkeQHdE%3D,,,,Niuva_Product_Images\103339597166\gallery_002.jpg,OK,
103339597166,"[PREORDER] 3D PRINT CUSTOM FIGURE (Bubble head, chibi, cartoon, emoji) READ DESCRIPTION FOR ORDER",https://www.tokopedia.com/niuvastudio/3d-print-custom-figure-bubble-head-chibi-cartoon-emoji-1735421281506264842-1735421539156526858,product_gallery,3,image,https://p16-images-sign-sg.tokopedia-static.net/tos-alisg-i-aphluv4xwc-sg/ef3c8764dce0463d953d434d342e945b~tplv-aphluv4xwc-resize-jpeg:700:0.jpeg?lk3s=0ccea506&x-expires=1789646031&x-signature=96AAJ2Sx9khmvt2Pc2vksX4Nbjk%3D&x-signature-webp=Pbx0bxSLhIfoYM2cPbQH%2Fkaeg5c%3D,https://p16-images-sign-sg.tokopedia-static.net/tos-alisg-i-aphluv4xwc-sg/ef3c8764dce0463d953d434d342e945b~tplv-aphluv4xwc-resize-jpeg:200:0.jpeg?lk3s=0ccea506&x-expires=1789646031&x-signature=PJS77AA%2BDjw7QNaxLvmcD1gugcc%3D&x-signature-webp=29Q4DVwmS%2BOgc2TgxKbFf1XnUuE%3D,,,,Niuva_Product_Images\103339597166\gallery_003.jpg,OK,
103339597166,"[PREORDER] 3D PRINT CUSTOM FIGURE (Bubble head, chibi, cartoon, emoji) READ DESCRIPTION FOR ORDER",https://www.tokopedia.com/niuvastudio/3d-print-custom-figure-bubble-head-chibi-cartoon-emoji-1735421281506264842-1735421539156526858,product_gallery,4,image,https://p16-images-sign-sg.tokopedia-static.net/tos-alisg-i-aphluv4xwc-sg/3ac71c0a7062435c887a1060946f4d00~tplv-aphluv4xwc-resize-jpeg:700:0.jpeg?lk3s=0ccea506&x-expires=1789646031&x-signature=6HKct0z0vV8o6rt0dlS97YnX4rM%3D&x-signature-webp=J%2B10JMv9SYpOR5szhoCfH8wd3Tk%3D,https://p16-images-sign-sg.tokopedia-static.net/tos-alisg-i-aphluv4xwc-sg/3ac71c0a7062435c887a1060946f4d00~tplv-aphluv4xwc-resize-jpeg:200:0.jpeg?lk3s=0ccea506&x-expires=1789646031&x-signature=zEnoWcNjLnovk8FIrMb7RXquMxE%3D&x-signature-webp=b38JgVWEdPAA8VA62%2Ff9V9RdaVM%3D,,,,Niuva_Product_Images\103339597166\gallery_004.jpg,OK,
103339597166,"[PREORDER] 3D PRINT CUSTOM FIGURE (Bubble head, chibi, cartoon, emoji) READ DESCRIPTION FOR ORDER",https://www.tokopedia.com/niuvastudio/3d-print-custom-figure-bubble-head-chibi-cartoon-emoji-1735421281506264842-1735421539156526858,product_gallery,5,image,https://p16-images-sign-sg.tokopedia-static.net/tos-alisg-i-aphluv4xwc-sg/3c173fb0e65b48c2afbeca2c0ab0392d~tplv-aphluv4xwc-resize-jpeg:700:0.jpeg?lk3s=0ccea506&x-expires=1789646031&x-signature=zxq4qogcgI2kpsBJOUDVUmnBhVc%3D&x-signature-webp=JQRRUOHHKFymUqK%2F1ajq7QEDUiM%3D,https://p16-images-sign-sg.tokopedia-static.net/tos-alisg-i-aphluv4xwc-sg/3c173fb0e65b48c2afbeca2c0ab0392d~tplv-aphluv4xwc-resize-jpeg:200:0.jpeg?lk3s=0ccea506&x-expires=1789646031&x-signature=5toO3Gt6HGwIPCF2gdIb24kUZNE%3D&x-signature-webp=i1eXu%2BvLMNRCFoW8SQeQmpL%2BPyc%3D,,,,Niuva_Product_Images\103339597166\gallery_005.jpg,OK,
103339597166,"[PREORDER] 3D PRINT CUSTOM FIGURE (Bubble head, chibi, cartoon, emoji) READ DESCRIPTION FOR ORDER",https://www.tokopedia.com/niuvastudio/3d-print-custom-figure-bubble-head-chibi-cartoon-emoji-1735421281506264842-1735421539156526858,variant,1,image,https://images.tokopedia.net/img/cache/700/aphluv/1997/1/1/f459dd5b748e424e9c656220f3bc9b12~.jpeg.webp,,,103339597166,CARTOON / NO COLOUR,Niuva_Product_Images\103339597166\variant_103339597166.jpg,OK,
103339597166,"[PREORDER] 3D PRINT CUSTOM FIGURE (Bubble head, chibi, cartoon, emoji) READ DESCRIPTION FOR ORDER",https://www.tokopedia.com/niuvastudio/3d-print-custom-figure-bubble-head-chibi-cartoon-emoji-1735421281506264842-1735421539156526858,variant,2,image,https://images.tokopedia.net/img/cache/700/aphluv/1997/1/1/f459dd5b748e424e9c656220f3bc9b12~.jpeg.webp,,,103339597167,CARTOON / COLOUR,Niuva_Product_Images\103339597166\variant_103339597166.jpg,REUSED,
103339597166,"[PREORDER] 3D PRINT CUSTOM FIGURE (Bubble head, chibi, cartoon, emoji) READ DESCRIPTION FOR ORDER",https://www.tokopedia.com/niuvastudio/3d-print-custom-figure-bubble-head-chibi-cartoon-emoji-1735421281506264842-1735421539156526858,variant,3,image,https://images.tokopedia.net/img/cache/700/aphluv/1997/1/1/f459dd5b748e424e9c656220f3bc9b12~.jpeg.webp,,,103339597168,EMOJI / NO COLOUR,Niuva_Product_Images\103339597166\variant_103339597166.jpg,REUSED,
103339597166,"[PREORDER] 3D PRINT CUSTOM FIGURE (Bubble head, chibi, cartoon, emoji) READ DESCRIPTION FOR ORDER",https://www.tokopedia.com/niuvastudio/3d-print-custom-figure-bubble-head-chibi-cartoon-emoji-1735421281506264842-1735421539156526858,variant,4,image,https://images.tokopedia.net/img/cache/700/aphluv/1997/1/1/f459dd5b748e424e9c656220f3bc9b12~.jpeg.webp,,,103339597169,EMOJI / COLOUR,Niuva_Product_Images\103339597166\variant_103339597166.jpg,REUSED,
103339597166,"[PREORDER] 3D PRINT CUSTOM FIGURE (Bubble head, chibi, cartoon, emoji) READ DESCRIPTION FOR ORDER",https://www.tokopedia.com/niuvastudio/3d-print-custom-figure-bubble-head-chibi-cartoon-emoji-1735421281506264842-1735421539156526858,variant,5,image,https://images.tokopedia.net/img/cache/700/aphluv/1997/1/1/f459dd5b748e424e9c656220f3bc9b12~.jpeg.webp,,,103339597170,PETITE / NO COLOUR,Niuva_Product_Images\103339597166\variant_103339597166.jpg,REUSED,
103339597166,"[PREORDER] 3D PRINT CUSTOM FIGURE (Bubble head, chibi, cartoon, emoji) READ DESCRIPTION FOR ORDER",https://www.tokopedia.com/niuvastudio/3d-print-custom-figure-bubble-head-chibi-cartoon-emoji-1735421281506264842-1735421539156526858,variant,6,image,https://images.tokopedia.net/img/cache/700/aphluv/1997/1/1/f459dd5b748e424e9c656220f3bc9b12~.jpeg.webp,,,103339597171,PETITE / COLOUR,Niuva_Product_Images\103339597166\variant_103339597166.jpg,REUSED,
103339597166,"[PREORDER] 3D PRINT CUSTOM FIGURE (Bubble head, chibi, cartoon, emoji) READ DESCRIPTION FOR ORDER",https://www.tokopedia.com/niuvastudio/3d-print-custom-figure-bubble-head-chibi-cartoon-emoji-1735421281506264842-1735421539156526858,variant,7,image,https://images.tokopedia.net/img/cache/700/aphluv/1997/1/1/f459dd5b748e424e9c656220f3bc9b12~.jpeg.webp,,,103339597172,BIG HEAD / NO COLOUR,Niuva_Product_Images\103339597166\variant_103339597166.jpg,REUSED,
103339597166,"[PREORDER] 3D PRINT CUSTOM FIGURE (Bubble head, chibi, cartoon, emoji) READ DESCRIPTION FOR ORDER",https://www.tokopedia.com/niuvastudio/3d-print-custom-figure-bubble-head-chibi-cartoon-emoji-1735421281506264842-1735421539156526858,variant,8,image,https://images.tokopedia.net/img/cache/700/aphluv/1997/1/1/f459dd5b748e424e9c656220f3bc9b12~.jpeg.webp,,,103339597173,BIG HEAD / COLOUR,Niuva_Product_Images\103339597166\variant_103339597166.jpg,REUSED,
