parent_product_id,parent_nama_produk,parent_url_produk,detail_no,bagian_detail,detail_text,detail_lines_json,detail_bullets_json,sumber_detail
103726663896,Kicau Mania Kunci Gantung Kucing Lucu dengan Desain Kreatif dan Warna Cerah untuk Penggemar Kucing dan Aksesori Unik,https://www.tokopedia.com/niuvastudio/kicau-mania-kunci-gantung-kucing-lucu-dengan-desain-kreatif-dan-warna-cerah-untuk-penggemar-kucing-dan-aksesori-unik-1737002078292313866,1,DESKRIPSI UMUM,"NIUVA STUDIO – Jasa 3D print custom
Niuva Inovasi Utama – Niuva Studio merupakan mitra strategis inovasi dan pengembangan produk. Kami menghadirkan solusi kreatif berbasis riset dari konsultasi untuk menciptakan nilai tambah dan keunggulan yang nyata. Salah satu bentuknya adalah produk Merchandise lucu berbasis 3D print!","[""NIUVA STUDIO – Jasa 3D print custom"", ""Niuva Inovasi Utama – Niuva Studio merupakan mitra strategis inovasi dan pengembangan produk. Kami menghadirkan solusi kreatif berbasis riset dari konsultasi untuk menciptakan nilai tambah dan keunggulan yang nyata. Salah satu bentuknya adalah produk Merchandise lucu berbasis 3D print!""]",[],apollo_cache
103726663896,Kicau Mania Kunci Gantung Kucing Lucu dengan Desain Kreatif dan Warna Cerah untuk Penggemar Kucing dan Aksesori Unik,https://www.tokopedia.com/niuvastudio/kicau-mania-kunci-gantung-kucing-lucu-dengan-desain-kreatif-dan-warna-cerah-untuk-penggemar-kucing-dan-aksesori-unik-1737002078292313866,2,DETAIL PRODUK,"Material: PLA, Multicolor Print
Size: 8 cm","[""Material: PLA, Multicolor Print"", ""Size: 8 cm""]",[],apollo_cache
103726663896,Kicau Mania Kunci Gantung Kucing Lucu dengan Desain Kreatif dan Warna Cerah untuk Penggemar Kucing dan Aksesori Unik,https://www.tokopedia.com/niuvastudio/kicau-mania-kunci-gantung-kucing-lucu-dengan-desain-kreatif-dan-warna-cerah-untuk-penggemar-kucing-dan-aksesori-unik-1737002078292313866,3,WAKTU PRODUKSI,"Estimasi penyelesaian mengikuti durasi printing dan kondisi antrian produksi.
~2–3 hari","[""Estimasi penyelesaian mengikuti durasi printing dan kondisi antrian produksi."", ""~2–3 hari""]",[],apollo_cache
103726663896,Kicau Mania Kunci Gantung Kucing Lucu dengan Desain Kreatif dan Warna Cerah untuk Penggemar Kucing dan Aksesori Unik,https://www.tokopedia.com/niuvastudio/kicau-mania-kunci-gantung-kucing-lucu-dengan-desain-kreatif-dan-warna-cerah-untuk-penggemar-kucing-dan-aksesori-unik-1737002078292313866,4,TERMS & CONDITION,- Refund tidak akan diterima apabila tidak ada video unboxing,"[""- Refund tidak akan diterima apabila tidak ada video unboxing""]","[""Refund tidak akan diterima apabila tidak ada video unboxing""]",apollo_cache
103726663896,Kicau Mania Kunci Gantung Kucing Lucu dengan Desain Kreatif dan Warna Cerah untuk Penggemar Kucing dan Aksesori Unik,https://www.tokopedia.com/niuvastudio/kicau-mania-kunci-gantung-kucing-lucu-dengan-desain-kreatif-dan-warna-cerah-untuk-penggemar-kucing-dan-aksesori-unik-1737002078292313866,5,NOTE,"- Ketika menerima paket, mohon rekam proses saat membuka paket","[""- Ketika menerima paket, mohon rekam proses saat membuka paket""]","[""Ketika menerima paket, mohon rekam proses saat membuka paket""]",apollo_cache
103726333343,Wisuda Custom 3D Print - Patung Graduasi 3D Personalisasi untuk Souvenir Khusus,https://www.tokopedia.com/niuvastudio/wisuda-custom-3d-print-patung-graduasi-3d-personalisasi-untuk-souvenir-khusus-1737001056781305610-1737001528663770890,1,DESKRIPSI UMUM,"NIUVA STUDIO – Jasa 3D print custom
Niuva Inovasi Utama – Niuva Studio merupakan mitra strategis inovasi dan pengembangan produk. Kami menghadirkan solusi kreatif berbasis riset dari konsultasi untuk menciptakan nilai tambah dan keunggulan yang nyata. Salah satu bentuknya adalah produk berbasis 3D print yang kami tawarkan untuk mengabadikan Special Moments mu!","[""NIUVA STUDIO – Jasa 3D print custom"", ""Niuva Inovasi Utama – Niuva Studio merupakan mitra strategis inovasi dan pengembangan produk. Kami menghadirkan solusi kreatif berbasis riset dari konsultasi untuk menciptakan nilai tambah dan keunggulan yang nyata. Salah satu bentuknya adalah produk berbasis 3D print yang kami tawarkan untuk mengabadikan Special Moments mu!""]",[],apollo_cache
103726333343,Wisuda Custom 3D Print - Patung Graduasi 3D Personalisasi untuk Souvenir Khusus,https://www.tokopedia.com/niuvastudio/wisuda-custom-3d-print-patung-graduasi-3d-personalisasi-untuk-souvenir-khusus-1737001056781305610-1737001528663770890,2,DETAIL PRODUK,"Variasi Figur Full-Color (Paint)
Material: PLA, Single Color Print, Hand-Painted with Acrylic Paint and Clear Spray Paint (Matte/Glossy) Finish
Size: 15 cm, 12 cm
Variasi Figur Single Color
Material: PLA, Single Color Print
Size: 15 cm, 12 cm
Variasi Lego Full-Color (Paint)
Material: PLA, Single Color Print, Hand-Painted with Acrylic Paint and Clear Spray Paint (Matte/Glossy) Finish
Size: 12 cm, 8 cm
Variasi Lego Full-Color (MultiColor Print)
Material: PLA, Multi-Color Print, Hand-Painted with Acrylic Paint and Clear Spray Paint (Matte/Glossy) Finish
Size: 12 cm, 8 cm
Variasi Lego Single Color
Material: PLA, Single Color Print
Size: 12 cm, 8 cm","[""Variasi Figur Full-Color (Paint)"", ""Material: PLA, Single Color Print, Hand-Painted with Acrylic Paint and Clear Spray Paint (Matte/Glossy) Finish"", ""Size: 15 cm, 12 cm"", ""Variasi Figur Single Color"", ""Material: PLA, Single Color Print"", ""Size: 15 cm, 12 cm"", ""Variasi Lego Full-Color (Paint)"", ""Material: PLA, Single Color Print, Hand-Painted with Acrylic Paint and Clear Spray Paint (Matte/Glossy) Finish"", ""Size: 12 cm, 8 cm"", ""Variasi Lego Full-Color (MultiColor Print)"", ""Material: PLA, Multi-Color Print, Hand-Painted with Acrylic Paint and Clear Spray Paint (Matte/Glossy) Finish"", ""Size: 12 cm, 8 cm"", ""Variasi Lego Single Color"", ""Material: PLA, Single Color Print"", ""Size: 12 cm, 8 cm""]",[],apollo_cache
103726333343,Wisuda Custom 3D Print - Patung Graduasi 3D Personalisasi untuk Souvenir Khusus,https://www.tokopedia.com/niuvastudio/wisuda-custom-3d-print-patung-graduasi-3d-personalisasi-untuk-souvenir-khusus-1737001056781305610-1737001528663770890,3,WAKTU PRODUKSI,"Estimasi penyelesaian mengikuti durasi printing, custom paint job, dan kondisi antrian produksi.
~6–7 hari","[""Estimasi penyelesaian mengikuti durasi printing, custom paint job, dan kondisi antrian produksi."", ""~6–7 hari""]",[],apollo_cache
103726333343,Wisuda Custom 3D Print - Patung Graduasi 3D Personalisasi untuk Souvenir Khusus,https://www.tokopedia.com/niuvastudio/wisuda-custom-3d-print-patung-graduasi-3d-personalisasi-untuk-souvenir-khusus-1737001056781305610-1737001528663770890,4,TERMS & CONDITION,"- Desain yang sudah fix dan sudah memasuki tahap cetak tidak bisa revisi lagi
- Finishing menggunakan hand painting
- Refund tidak akan diterima apabila tidak ada video unboxing","[""- Desain yang sudah fix dan sudah memasuki tahap cetak tidak bisa revisi lagi"", ""- Finishing menggunakan hand painting"", ""- Refund tidak akan diterima apabila tidak ada video unboxing""]","[""Desain yang sudah fix dan sudah memasuki tahap cetak tidak bisa revisi lagi"", ""Finishing menggunakan hand painting"", ""Refund tidak akan diterima apabila tidak ada video unboxing""]",apollo_cache
103726333343,Wisuda Custom 3D Print - Patung Graduasi 3D Personalisasi untuk Souvenir Khusus,https://www.tokopedia.com/niuvastudio/wisuda-custom-3d-print-patung-graduasi-3d-personalisasi-untuk-souvenir-khusus-1737001056781305610-1737001528663770890,5,NOTE,"- Pastikan foto referensi dapat di buka dan tidak error (PNG, JPEG)
- Maksimal revisi adalah sebelum masuk masa cetak
- Warna dilakukan secara manual menggunakan cat akrilik
- Ketika menerima paket, mohon rekam proses saat membuka paket","[""- Pastikan foto referensi dapat di buka dan tidak error (PNG, JPEG)"", ""- Maksimal revisi adalah sebelum masuk masa cetak"", ""- Warna dilakukan secara manual menggunakan cat akrilik"", ""- Ketika menerima paket, mohon rekam proses saat membuka paket""]","[""Pastikan foto referensi dapat di buka dan tidak error (PNG, JPEG)"", ""Maksimal revisi adalah sebelum masuk masa cetak"", ""Warna dilakukan secara manual menggunakan cat akrilik"", ""Ketika menerima paket, mohon rekam proses saat membuka paket""]",apollo_cache
103726333343,Wisuda Custom 3D Print - Patung Graduasi 3D Personalisasi untuk Souvenir Khusus,https://www.tokopedia.com/niuvastudio/wisuda-custom-3d-print-patung-graduasi-3d-personalisasi-untuk-souvenir-khusus-1737001056781305610-1737001528663770890,6,PRE ORDER CUSTOM ORDER,"- Produksi akan memakan waktu 6–7 hari, tergantung besar/kecil produk dan lama pengecatan
- Untuk pesanan custom customer WAJIB chat admin terlebih dahulu
- Pembayaran full 3 hari sebelum delivery (tidak ada deposit)
- Jika ada kesalahan pengiriman atau kekurangan barang, silakan hubungi kami dan sertakan video sebagai bukti. Komplain tanpa bukti video tidak dapat diproses.","[""- Produksi akan memakan waktu 6–7 hari, tergantung besar/kecil produk dan lama pengecatan"", ""- Untuk pesanan custom customer WAJIB chat admin terlebih dahulu"", ""- Pembayaran full 3 hari sebelum delivery (tidak ada deposit)"", ""- Jika ada kesalahan pengiriman atau kekurangan barang, silakan hubungi kami dan sertakan video sebagai bukti. Komplain tanpa bukti video tidak dapat diproses.""]","[""Produksi akan memakan waktu 6–7 hari, tergantung besar/kecil produk dan lama pengecatan"", ""Untuk pesanan custom customer WAJIB chat admin terlebih dahulu"", ""Pembayaran full 3 hari sebelum delivery (tidak ada deposit)"", ""Jika ada kesalahan pengiriman atau kekurangan barang, silakan hubungi kami dan sertakan video sebagai bukti. Komplain tanpa bukti video tidak dapat diproses.""]",apollo_cache
103474501379,3D PRINT LEGO FIGURE WISUDAWAN TELKOM UNIVERSITY,https://www.tokopedia.com/niuvastudio/3d-print-lego-figure-wisudawan-telkom-university-1736031180211586826,1,DESKRIPSI UMUM,"NIUVA STUDIO - Jasa 3D print custom
Niuva Inovasi Utama - Niuva Studio merupakan mitra strategis inovasi dan pengembangan produk. Kami menghadirkan solusi kreatif berbasis riset dari konsultasi untuk menciptakan nilai tambah dan keunggulan yang nyata. Salah satu bentuknya adalah produk berbasis 3D print yang kami tawarkan untuk mengabadikan Special Moments mu!","[""NIUVA STUDIO - Jasa 3D print custom"", ""Niuva Inovasi Utama - Niuva Studio merupakan mitra strategis inovasi dan pengembangan produk. Kami menghadirkan solusi kreatif berbasis riset dari konsultasi untuk menciptakan nilai tambah dan keunggulan yang nyata. Salah satu bentuknya adalah produk berbasis 3D print yang kami tawarkan untuk mengabadikan Special Moments mu!""]",[],apollo_cache
103474501379,3D PRINT LEGO FIGURE WISUDAWAN TELKOM UNIVERSITY,https://www.tokopedia.com/niuvastudio/3d-print-lego-figure-wisudawan-telkom-university-1736031180211586826,2,DETAIL PRODUK,"Material: PLA
Size: 12cm
Layer height : 0.2mm","[""Material: PLA"", ""Size: 12cm"", ""Layer height : 0.2mm""]",[],apollo_cache
103474501379,3D PRINT LEGO FIGURE WISUDAWAN TELKOM UNIVERSITY,https://www.tokopedia.com/niuvastudio/3d-print-lego-figure-wisudawan-telkom-university-1736031180211586826,3,NOTES,"- tulis fakultas di notes/chat yaa
Jika ada kesalahan pengiriman atau kekurangan barang, silakan hubungi kami dan sertakan video sebagai bukti.
Komplain tanpa bukti video tidak dapat diproses","[""- tulis fakultas di notes/chat yaa"", ""Jika ada kesalahan pengiriman atau kekurangan barang, silakan hubungi kami dan sertakan video sebagai bukti."", ""Komplain tanpa bukti video tidak dapat diproses""]","[""tulis fakultas di notes/chat yaa""]",apollo_cache
103343689816,"3D PRINT KEYCHAIN GEDUNG TELKOM UNIVERSITY (TULT, BANDUNG TECHNO PARK)",https://www.tokopedia.com/niuvastudio/3d-print-keychain-gedung-telkom-university-tult-bandung-techno-park-1735431958738929418-1735431963114374922,1,DESKRIPSI UMUM,"NIUVA STUDIO – Jasa 3D print custom
Niuva Inovasi Utama – Niuva Studio merupakan mitra strategis inovasi dan pengembangan produk. Kami menghadirkan solusi kreatif berbasis riset dari konsultasi untuk menciptakan nilai tambah dan keunggulan yang nyata. Salah satu bentuknya adalah produk berbasis 3D print yang kami tawarkan untuk mengabadikan Special Moments mu!","[""NIUVA STUDIO – Jasa 3D print custom"", ""Niuva Inovasi Utama – Niuva Studio merupakan mitra strategis inovasi dan pengembangan produk. Kami menghadirkan solusi kreatif berbasis riset dari konsultasi untuk menciptakan nilai tambah dan keunggulan yang nyata. Salah satu bentuknya adalah produk berbasis 3D print yang kami tawarkan untuk mengabadikan Special Moments mu!""]",[],apollo_cache
103343689816,"3D PRINT KEYCHAIN GEDUNG TELKOM UNIVERSITY (TULT, BANDUNG TECHNO PARK)",https://www.tokopedia.com/niuvastudio/3d-print-keychain-gedung-telkom-university-tult-bandung-techno-park-1735431958738929418-1735431963114374922,2,DETAIL PRODUK,"Material : PLA
Size: 8cm
Layer height : 0.2mm
Jika ada kesalahan pengiriman atau kekurangan barang, silakan hubungi kami dan sertakan video sebagai bukti. Komplain tanpa bukti video tidak dapat diproses","[""Material : PLA"", ""Size: 8cm"", ""Layer height : 0.2mm"", ""Jika ada kesalahan pengiriman atau kekurangan barang, silakan hubungi kami dan sertakan video sebagai bukti. Komplain tanpa bukti video tidak dapat diproses""]",[],apollo_cache
103343687481,3D Print LEGO Figure Wisudawan Telkom University PLA (Bisa Custom Tali Toga Fakultas),https://www.tokopedia.com/niuvastudio/3d-print-lego-figure-wisudawan-telkom-university-pla-bisa-custom-tali-toga-fakultas-1735433388996069130-1735433427198904074,1,DESKRIPSI UMUM,"NIUVA STUDIO - Jasa 3D print custom
Niuva Inovasi Utama - Niuva Studio merupakan mitra strategis inovasi dan pengembangan produk. Kami menghadirkan solusi kreatif berbasis riset dari konsultasi untuk menciptakan nilai tambah dan keunggulan yang nyata. Salah satu bentuknya adalah produk berbasis 3D print yang kami tawarkan untuk mengabadikan Special Moments mu!","[""NIUVA STUDIO - Jasa 3D print custom"", ""Niuva Inovasi Utama - Niuva Studio merupakan mitra strategis inovasi dan pengembangan produk. Kami menghadirkan solusi kreatif berbasis riset dari konsultasi untuk menciptakan nilai tambah dan keunggulan yang nyata. Salah satu bentuknya adalah produk berbasis 3D print yang kami tawarkan untuk mengabadikan Special Moments mu!""]",[],apollo_cache
103343687481,3D Print LEGO Figure Wisudawan Telkom University PLA (Bisa Custom Tali Toga Fakultas),https://www.tokopedia.com/niuvastudio/3d-print-lego-figure-wisudawan-telkom-university-pla-bisa-custom-tali-toga-fakultas-1735433388996069130-1735433427198904074,2,DETAIL PRODUK,"Material: PLA
Size: 12cm
Layer height : 0.2mm","[""Material: PLA"", ""Size: 12cm"", ""Layer height : 0.2mm""]",[],apollo_cache
103343687481,3D Print LEGO Figure Wisudawan Telkom University PLA (Bisa Custom Tali Toga Fakultas),https://www.tokopedia.com/niuvastudio/3d-print-lego-figure-wisudawan-telkom-university-pla-bisa-custom-tali-toga-fakultas-1735433388996069130-1735433427198904074,3,NOTES,"- tulis fakultas di notes/chat yaa
Jika ada kesalahan pengiriman atau kekurangan barang, silakan hubungi kami dan sertakan video sebagai bukti.
Komplain tanpa bukti video tidak dapat diproses","[""- tulis fakultas di notes/chat yaa"", ""Jika ada kesalahan pengiriman atau kekurangan barang, silakan hubungi kami dan sertakan video sebagai bukti."", ""Komplain tanpa bukti video tidak dapat diproses""]","[""tulis fakultas di notes/chat yaa""]",apollo_cache
103342790916,3D PRINT KEYCHAIN ANIMAL TELKOM UNIVERSITY,https://www.tokopedia.com/niuvastudio/3d-print-keychain-animal-telkom-university-1735431904246466314-1735431958441002762,1,DESKRIPSI UMUM,"NIUVA STUDIO – Jasa 3D print custom
Niuva Inovasi Utama – Niuva Studio merupakan mitra strategis inovasi dan pengembangan produk. Kami menghadirkan solusi kreatif berbasis riset dari konsultasi untuk menciptakan nilai tambah dan keunggulan yang nyata. Salah satu bentuknya adalah produk berbasis 3D print yang kami tawarkan untuk mengabadikan Special Moments mu!","[""NIUVA STUDIO – Jasa 3D print custom"", ""Niuva Inovasi Utama – Niuva Studio merupakan mitra strategis inovasi dan pengembangan produk. Kami menghadirkan solusi kreatif berbasis riset dari konsultasi untuk menciptakan nilai tambah dan keunggulan yang nyata. Salah satu bentuknya adalah produk berbasis 3D print yang kami tawarkan untuk mengabadikan Special Moments mu!""]",[],apollo_cache
103342790916,3D PRINT KEYCHAIN ANIMAL TELKOM UNIVERSITY,https://www.tokopedia.com/niuvastudio/3d-print-keychain-animal-telkom-university-1735431904246466314-1735431958441002762,2,DETAIL PRODUK,"Material : PLA
Size: 8cm
Layer height : 0.2mm
Jika ada kesalahan pengiriman atau kekurangan barang, silakan hubungi kami dan sertakan video sebagai bukti. Komplain tanpa bukti video tidak dapat diproses","[""Material : PLA"", ""Size: 8cm"", ""Layer height : 0.2mm"", ""Jika ada kesalahan pengiriman atau kekurangan barang, silakan hubungi kami dan sertakan video sebagai bukti. Komplain tanpa bukti video tidak dapat diproses""]",[],apollo_cache
103340568955,"3D PRINT CUSTOM FIGURE SPECIAL MOMENTS (Newborn, weddings, birthday, dll)",https://www.tokopedia.com/niuvastudio/3d-print-custom-figure-special-moments-newborn-weddings-birthday-dll-1735422370974500618-1735423689722922762,1,DESKRIPSI UMUM,"NIUVA STUDIO – Jasa 3D print custom
Niuva Inovasi Utama – Niuva Studio merupakan mitra strategis inovasi dan pengembangan produk. Kami menghadirkan solusi kreatif berbasis riset dari konsultasi untuk menciptakan nilai tambah dan keunggulan yang nyata. Salah satu bentuknya adalah produk berbasis 3D print yang kami tawarkan untuk mengabadikan Special Moments mu!","[""NIUVA STUDIO – Jasa 3D print custom"", ""Niuva Inovasi Utama – Niuva Studio merupakan mitra strategis inovasi dan pengembangan produk. Kami menghadirkan solusi kreatif berbasis riset dari konsultasi untuk menciptakan nilai tambah dan keunggulan yang nyata. Salah satu bentuknya adalah produk berbasis 3D print yang kami tawarkan untuk mengabadikan Special Moments mu!""]",[],apollo_cache
103340568955,"3D PRINT CUSTOM FIGURE SPECIAL MOMENTS (Newborn, weddings, birthday, dll)",https://www.tokopedia.com/niuvastudio/3d-print-custom-figure-special-moments-newborn-weddings-birthday-dll-1735422370974500618-1735423689722922762,2,DETAIL PRODUK,"Material : PLA
Size: 12cm
Layer height : 0.2mm","[""Material : PLA"", ""Size: 12cm"", ""Layer height : 0.2mm""]",[],apollo_cache
103340568955,"3D PRINT CUSTOM FIGURE SPECIAL MOMENTS (Newborn, weddings, birthday, dll)",https://www.tokopedia.com/niuvastudio/3d-print-custom-figure-special-moments-newborn-weddings-birthday-dll-1735422370974500618-1735423689722922762,3,WAKTU PRODUKSI,Estimasi penyelesaian mengikuti durasi printing dan kondisi antrian produksi.,"[""Estimasi penyelesaian mengikuti durasi printing dan kondisi antrian produksi.""]",[],apollo_cache
103340568955,"3D PRINT CUSTOM FIGURE SPECIAL MOMENTS (Newborn, weddings, birthday, dll)",https://www.tokopedia.com/niuvastudio/3d-print-custom-figure-special-moments-newborn-weddings-birthday-dll-1735422370974500618-1735423689722922762,4,NOTE,"- Pastikan file dapat di buka dan tidak error (png, JPEG, STP)
- Maksimal revisi adalah sebelum masuk masa cetak
- Warna dilakukan secara manual menggunakan cat akrilik
- Ketika menerima paket, mohon rekam proses saat membuka paket.
Jika ada kesalahan pengiriman atau kekurangan barang, silakan hubungi kami dan sertakan video sebagai bukti. Komplain tanpa bukti video tidak dapat diproses.","[""- Pastikan file dapat di buka dan tidak error (png, JPEG, STP)"", ""- Maksimal revisi adalah sebelum masuk masa cetak"", ""- Warna dilakukan secara manual menggunakan cat akrilik"", ""- Ketika menerima paket, mohon rekam proses saat membuka paket."", ""Jika ada kesalahan pengiriman atau kekurangan barang, silakan hubungi kami dan sertakan video sebagai bukti. Komplain tanpa bukti video tidak dapat diproses.""]","[""Pastikan file dapat di buka dan tidak error (png, JPEG, STP)"", ""Maksimal revisi adalah sebelum masuk masa cetak"", ""Warna dilakukan secara manual menggunakan cat akrilik"", ""Ketika menerima paket, mohon rekam proses saat membuka paket.""]",apollo_cache
103340568955,"3D PRINT CUSTOM FIGURE SPECIAL MOMENTS (Newborn, weddings, birthday, dll)",https://www.tokopedia.com/niuvastudio/3d-print-custom-figure-special-moments-newborn-weddings-birthday-dll-1735422370974500618-1735423689722922762,5,TERMS & CONDITION,"- Pose atau gaya bisa disesuaikan dengan foto referensi
- Desain yang sudah fix dan sudah memasuki - - tahap cetak tidak bisa revisi lagi.
Finishing menggunakan hand painting","[""- Pose atau gaya bisa disesuaikan dengan foto referensi"", ""- Desain yang sudah fix dan sudah memasuki - - tahap cetak tidak bisa revisi lagi."", ""Finishing menggunakan hand painting""]","[""Pose atau gaya bisa disesuaikan dengan foto referensi"", ""Desain yang sudah fix dan sudah memasuki - - tahap cetak tidak bisa revisi lagi.""]",apollo_cache
103339597166,"[PREORDER] 3D PRINT CUSTOM FIGURE (Bubble head, chibi, cartoon, emoji) READ DESCRIPTION FOR ORDER",https://www.tokopedia.com/niuvastudio/3d-print-custom-figure-bubble-head-chibi-cartoon-emoji-1735421281506264842-1735421539156526858,1,DESKRIPSI UMUM,"NIUVA STUDIO – Jasa 3D print custom
Niuva Inovasi Utama – Niuva Studio merupakan mitra strategis inovasi dan pengembangan produk. Kami menghadirkan solusi kreatif berbasis riset dari konsultasi untuk menciptakan nilai tambah dan keunggulan yang nyata. Salah satu bentuknya adalah produk berbasis 3D print yang kami tawarkan untuk mengabadikan Special Moments mu!","[""NIUVA STUDIO – Jasa 3D print custom"", ""Niuva Inovasi Utama – Niuva Studio merupakan mitra strategis inovasi dan pengembangan produk. Kami menghadirkan solusi kreatif berbasis riset dari konsultasi untuk menciptakan nilai tambah dan keunggulan yang nyata. Salah satu bentuknya adalah produk berbasis 3D print yang kami tawarkan untuk mengabadikan Special Moments mu!""]",[],apollo_cache
103339597166,"[PREORDER] 3D PRINT CUSTOM FIGURE (Bubble head, chibi, cartoon, emoji) READ DESCRIPTION FOR ORDER",https://www.tokopedia.com/niuvastudio/3d-print-custom-figure-bubble-head-chibi-cartoon-emoji-1735421281506264842-1735421539156526858,2,DETAIL PRODUK,"Material : PLA
Size: 12cm
Layer height : 0.2mm","[""Material : PLA"", ""Size: 12cm"", ""Layer height : 0.2mm""]",[],apollo_cache
103339597166,"[PREORDER] 3D PRINT CUSTOM FIGURE (Bubble head, chibi, cartoon, emoji) READ DESCRIPTION FOR ORDER",https://www.tokopedia.com/niuvastudio/3d-print-custom-figure-bubble-head-chibi-cartoon-emoji-1735421281506264842-1735421539156526858,3,WAKTU PRODUKSI,Estimasi penyelesaian mengikuti durasi printing dan kondisi antrian produksi.,"[""Estimasi penyelesaian mengikuti durasi printing dan kondisi antrian produksi.""]",[],apollo_cache
103339597166,"[PREORDER] 3D PRINT CUSTOM FIGURE (Bubble head, chibi, cartoon, emoji) READ DESCRIPTION FOR ORDER",https://www.tokopedia.com/niuvastudio/3d-print-custom-figure-bubble-head-chibi-cartoon-emoji-1735421281506264842-1735421539156526858,4,TERMS & CONDITION,"- Pose atau gaya bisa disesuaikan dengan foto referensi
- Desain yang sudah fix dan sudah memasuki tahap cetak tidak bisa revisi lagi.
- Finishing menggunakan hand painting","[""- Pose atau gaya bisa disesuaikan dengan foto referensi"", ""- Desain yang sudah fix dan sudah memasuki tahap cetak tidak bisa revisi lagi."", ""- Finishing menggunakan hand painting""]","[""Pose atau gaya bisa disesuaikan dengan foto referensi"", ""Desain yang sudah fix dan sudah memasuki tahap cetak tidak bisa revisi lagi."", ""Finishing menggunakan hand painting""]",apollo_cache
103339597166,"[PREORDER] 3D PRINT CUSTOM FIGURE (Bubble head, chibi, cartoon, emoji) READ DESCRIPTION FOR ORDER",https://www.tokopedia.com/niuvastudio/3d-print-custom-figure-bubble-head-chibi-cartoon-emoji-1735421281506264842-1735421539156526858,5,NOTE,"- Pastikan file dapat di buka dan tidak error (png, JPEG, STL)
- Maksimal revisi adalah sebelum masuk masa cetak
- Warna dilakukan secara manual menggunakan cat akrilik
- Ketika menerima paket, mohon rekam proses saat membuka paket.
PRE ORDER CUSTOM ORDER
Produksi akan memakan waktu 1-2 minggu, tergantung besar/kecil produk dan lama pengecatan
Untuk Pre-Order, customer WAJIB chat admin terlebih dahulu
Pembayaran full 3 hari sebelum delivery (tidak ada deposit)
Jika ada kesalahan pengiriman atau kekurangan barang, silakan hubungi kami dan sertakan video sebagai bukti. Komplain tanpa bukti video tidak dapat diproses.","[""- Pastikan file dapat di buka dan tidak error (png, JPEG, STL)"", ""- Maksimal revisi adalah sebelum masuk masa cetak"", ""- Warna dilakukan secara manual menggunakan cat akrilik"", ""- Ketika menerima paket, mohon rekam proses saat membuka paket."", ""PRE ORDER CUSTOM ORDER"", ""Produksi akan memakan waktu 1-2 minggu, tergantung besar/kecil produk dan lama pengecatan"", ""Untuk Pre-Order, customer WAJIB chat admin terlebih dahulu"", ""Pembayaran full 3 hari sebelum delivery (tidak ada deposit)"", ""Jika ada kesalahan pengiriman atau kekurangan barang, silakan hubungi kami dan sertakan video sebagai bukti. Komplain tanpa bukti video tidak dapat diproses.""]","[""Pastikan file dapat di buka dan tidak error (png, JPEG, STL)"", ""Maksimal revisi adalah sebelum masuk masa cetak"", ""Warna dilakukan secara manual menggunakan cat akrilik"", ""Ketika menerima paket, mohon rekam proses saat membuka paket.""]",apollo_cache
